video_aid,爬取时间,video_cid,标题,上传时间,审核时间,播放时长,标签分区,标签个数,硬币数,弹幕数,收藏数,历史最高排名,点赞数,评论数,分享数,播放数,是否原创,是否合作,beh_硬币数,beh_弹幕数,beh_点踩数,beh_收藏数,beh_点赞数,beh_评论数,beh_分享数,beh_播放数,up等级,up粉丝数,up投稿数,up平均每个视频播放量,up平均每个视频点赞数,有无简介,标题样式,有无广告,存留时长,平均标签订阅数,up在最热前500条评论的回复数,up在最热前500条评论的点赞数,最热前500条评论中平均每条评论的回复数,最热前500条评论中平均每条评论的点赞数
224501675,1677121911,1012591204,普通人如何翻身逆袭？,1676640504,1676640504,458,职业职场,10,26,1,76,0,102,4,11,1207,1,0,26.0,2.0,0.0,77.0,103.0,4.0,12.0,1238.0,6.0,354088.0,244.0,324807.65573770495,13214.860655737704,0,？,0,5.571840277777778,177399.9,0,0,0.3333333333333333,1.6666666666666667
224527942,1677120885,1012186608,想要升职就先学会摆烂,1676704200,1676625454,103,职业职场,3,45,3,258,0,417,9,102,11136,1,0,47.0,3.0,0.0,276.0,449.0,10.0,107.0,12427.0,3.0,30113.0,213.0,5676.591549295775,320.0469483568075,1,。,0,4.822743055555556,46990.333333333336,0,0,0.8,9.4
224553368,1677115643,1014284874,Creo/proe-ipad曲面造型，建模技巧，结构设计，creo教程，proe教程，creo在线教学，一加一教育，佳言老师,1676936640,1676728375,109,职业职场,10,2,0,34,0,21,0,1,782,1,0,2.0,0.0,0.0,36.0,23.0,0.0,1.0,822.0,5.0,47202.0,490.0,3911.4510204081635,72.35510204081632,1,。,0,2.0717939814814814,150.7,0,0,0.0,0.0
224587615,1677120367,1012338079,老板和管理者有没有好好对待离职员工,1676722500,1676629840,241,职业职场,10,4,0,17,0,64,0,9,2846,1,0,4.0,0.0,0.0,19.0,75.0,0.0,9.0,3122.0,4.0,40093.0,895.0,3076.863687150838,115.21005586592179,0,。,0,4.60494212962963,13039.4,0,0,0.0,0.0
224635184,1677115851,1017478288,警惕程序员的成长陷阱,1676902944,1676902944,335,职业职场,10,525,137,709,0,1213,204,199,32273,1,0,550.0,141.0,0.0,764.0,1295.0,214.0,212.0,35097.0,6.0,37106.0,38.0,126130.13157894737,5844.210526315789,1,。,0,2.4642013888888887,5669.3,5,0,1.75,10.88888888888889
224654221,1677116587,1017065976,"如果有人每个月能给你赚200万,你觉得给他多少合适呢?",1676884191,1676884191,114,职业职场,11,6,2,11,0,46,5,3,1130,1,0,6.0,2.0,0.0,11.0,46.0,5.0,3.0,1140.0,6.0,94451.0,263.0,117574.01901140684,4279.836501901141,0,。,0,2.6897685185185187,37279.818181818184,0,0,0.0,1.0
224735385,1677116194,1016600202,一招让他闭嘴！黑心领导再敢抢你功劳就这么说！,1676894400,1676864690,148,职业职场,10,7,0,28,0,97,1,0,1450,1,0,7.0,0.0,0.0,29.0,100.0,1.0,0.0,1573.0,6.0,210667.0,354.0,35247.627118644064,1114.8898305084747,1,！,0,2.567060185185185,22801.0,0,0,0.0,0.0
224760645,1677112011,1020105583,Exce表格中，如何使用sumif函数进行跨表求和，并做静态化设置？,1677052753,1677052753,103,职业职场,10,2,0,23,0,30,0,0,835,1,0,2.0,0.0,0.0,31.0,31.0,0.0,1.0,1011.0,4.0,31973.0,341.0,5457.134897360704,139.16715542521993,1,？,0,0.6858564814814815,13101.0,0,0,0.0,0.0
224760759,1677111200,1020570419,ChatGPT：工作我都能干，做人还得您来,1677074535,1677074535,296,职业职场,8,12,5,12,0,33,2,3,302,1,0,14.0,7.0,0.0,20.0,56.0,4.0,7.0,551.0,4.0,32495.0,23.0,20298.739130434784,2225.6521739130435,1,。,0,0.4243634259259259,33229.375,0,0,0.0,0.0
224767240,1677112049,1019949015,坚持读书2000天发现，人生变强的秘诀是快速放弃？,1677051019,1677051019,852,职业职场,11,215,51,268,0,285,29,28,4304,1,0,292.0,91.0,0.0,417.0,428.0,49.0,41.0,6638.0,6.0,45456.0,27.0,35856.333333333336,1306.148148148148,1,？,0,0.7063657407407408,207372.18181818182,7,2,1.25,1.875
224778098,1677111302,1020538160,Excel技巧：Xlookup再厉害，也没Vlookup组合Match公式强！,1677070964,1677070964,254,职业职场,3,79,3,237,0,342,13,18,4854,1,0,138.0,3.0,0.0,582.0,546.0,32.0,57.0,16528.0,6.0,1417668.0,479.0,14741.106471816283,534.1920668058455,0,！,0,0.466875,757.0,0,1,0.5555555555555556,0.8888888888888888
224779284,1677111425,1020458048,假如我给客户写封信，哈哈哈哈哈,1677067348,1677067348,107,职业职场,2,17,2,7,0,124,16,5,1916,1,0,34.0,4.0,0.0,29.0,297.0,32.0,18.0,4354.0,4.0,32338.0,94.0,23372.468085106382,1011.7553191489362,0,。,0,0.510150462962963,9.0,1,1,0.06666666666666667,1.6
224781681,1677114695,1018444492,公务员职务职级并行，无法晋升的几种情形,1676964720,1676964720,213,职业职场,5,2,0,9,0,44,10,0,1751,1,0,2.0,0.0,0.0,11.0,54.0,10.0,0.0,1984.0,4.0,39704.0,148.0,19574.364864864863,643.4459459459459,0,。,0,1.7358217592592593,6252.2,0,0,1.5,1.75
224842656,1677111606,1020314479,一道题教你学：基层应急处突思维（示范答题）,1677061353,1677061354,209,职业职场,8,0,0,13,0,14,2,0,798,1,0,0.0,0.0,0.0,14.0,20.0,5.0,1.0,1052.0,5.0,35260.0,346.0,3586.5289017341042,78.64739884393063,0,。,0,0.5816319444444444,4715.5,1,0,1.0,0.0
224857623,1677111602,1020300743,人最大的导师就是自己，多自省多认识自己，总会找到答案,1677061529,1677061529,223,职业职场,4,51,1,99,0,134,9,14,1927,1,0,59.0,1.0,0.0,127.0,163.0,15.0,19.0,2420.0,6.0,97704.0,580.0,18051.775862068964,374.29137931034484,0,。,0,0.5795486111111111,38.5,0,0,0.5,0.5
267048165,1677123280,1011664357,【2.16直播回放】美国白尾鹿感染问题,1676601043,1676601043,1178,职业职场,8,124,76,92,0,319,72,82,9768,1,0,130.0,77.0,0.0,95.0,324.0,72.0,83.0,10010.0,6.0,853311.0,120.0,113807.0,1958.1166666666666,0,。,0,6.044409722222222,7077.625,1,0,0.6744186046511628,4.906976744186046
267049388,1677121600,1012321785,什么样的老板值得跟随,1676675400,1676628900,87,职业职场,9,2,0,37,0,42,3,16,1692,1,0,2.0,0.0,0.0,42.0,45.0,3.0,16.0,1829.0,4.0,40093.0,895.0,3076.863687150838,115.21005586592179,0,。,0,5.164351851851852,15070.555555555555,0,0,0.0,2.0
267050511,1677119882,1014825096,超赞！气质女神小学英语优质课！精彩导入+动作带学！考编面试必学！,1676768650,1676768650,181,职业职场,8,0,0,7,0,6,0,2,289,1,0,0.0,0.0,0.0,7.0,6.0,0.0,4.0,336.0,4.0,30520.0,168.0,6877.339285714285,213.9702380952381,1,！,0,4.065185185185185,10.375,0,0,0.0,0.0
267121502,1677121075,1013491734,退役后户口本写什么？拒服兵役影响几代人？,1676696779,1676696780,198,职业职场,10,1057,527,647,0,12370,839,79,331560,1,0,1098.0,538.0,0.0,664.0,12697.0,856.0,82.0,342113.0,6.0,130631.0,53.0,241815.77358490566,19371.905660377357,1,？,0,4.910833333333334,201942.9,0,1,2.4652777777777777,33.84027777777778
267138368,1677113481,1018358451,我被末尾淘汰逼的掉了三层皮，为何还如此倡行呢？,1676984700,1676962886,273,职业职场,2,2,0,16,0,37,1,5,1275,1,0,3.0,1.0,0.0,19.0,46.0,3.0,8.0,1670.0,4.0,40093.0,895.0,3076.863687150838,115.21005586592179,0,？,0,1.4905208333333333,119614.0,0,0,0.0,0.0
267184398,1677113847,1017448466,400-信号放大电路中，三极是否己经导通的判断方法,1676976000,1676900733,125,职业职场,6,2,0,3,0,20,1,1,170,1,0,2.0,0.0,0.0,3.0,23.0,1.0,1.0,194.0,5.0,31952.0,373.0,3728.55764075067,119.9088471849866,1,。,0,1.5954513888888888,96.83333333333333,0,0,0.0,0.0
267206996,1677118239,1015317086,《无领导小组面试通关课》片段2：最高级的论据，帮你摆脱“学生气”,1676809800,1676791556,485,职业职场,10,38,36,23,0,60,14,5,1541,1,0,38.0,37.0,0.0,23.0,64.0,16.0,5.0,1601.0,5.0,46974.0,38.0,38089.02631578947,1701.8947368421052,1,。,0,3.5698958333333333,189570.0,0,10,0.3,1.3
267223136,1677118074,1015962089,在珠三角当老师的真实收入，月薪1.4万，年终奖4万，公积金3800,1676817073,1676817073,128,职业职场,6,53,15,32,0,245,113,34,9266,1,0,57.0,15.0,0.0,34.0,254.0,115.0,36.0,9830.0,6.0,87527.0,228.0,55448.90350877193,1314.9298245614036,1,。,0,3.4838078703703705,21118.5,6,0,2.5625,4.96875
267248602,1677118116,1015910555,淘宝搜索又改版了,1676815008,1676815008,126,职业职场,6,5,1,23,0,69,7,3,3918,1,0,5.0,1.0,0.0,25.0,72.0,7.0,3.0,4322.0,4.0,33805.0,287.0,5484.7874564459935,189.90243902439025,0,。,0,3.5081944444444444,2567.5,0,0,0.4,5.8
267251665,1677113615,1018831895,考研失败，立马入职！从简历空白到满满一页纸，她的简历长啥样？,1676981011,1676981011,156,职业职场,11,4,1,66,0,34,6,5,581,1,0,28.0,1.0,0.0,227.0,97.0,18.0,10.0,1505.0,5.0,56917.0,189.0,17890.41798941799,429.010582010582,1,？,0,1.5347685185185185,9138.545454545454,3,0,1.0,0.0
267322061,1677111892,1020140848,【征兵】征兵到哪一步不能后悔？未授衔可以全身而退吗？,1677056011,1677056011,179,职业职场,10,77,115,71,0,1149,186,20,15652,1,0,92.0,124.0,0.0,98.0,1490.0,273.0,21.0,25399.0,6.0,130631.0,53.0,241815.77358490566,19371.905660377357,1,？,0,0.6467708333333333,201933.6,1,1,2.607142857142857,18.517857142857142
267368658,1677111222,1020597130,商场电路竣工验收，分闸压线只能一闸一回路，原来是这么回事,1677073768,1677073768,120,职业职场,7,1,0,2,0,33,1,0,756,1,0,1.0,0.0,0.0,4.0,43.0,1.0,0.0,1047.0,5.0,35297.0,530.0,7251.9452830188675,163.56037735849057,1,。,0,0.4334953703703704,364574.71428571426,0,0,0.0,1.0
309503385,1677120676,1013905781,工作激励类相关材料写作适用，排比句汇编，40句,1676712603,1676712603,94,职业职场,4,4,0,48,0,27,1,3,586,1,0,4.0,0.0,0.0,51.0,27.0,1.0,5.0,688.0,5.0,36913.0,312.0,5738.086538461538,112.88461538461539,1,。,0,4.72306712962963,23.5,0,0,0.0,0.0
309558862,1677120779,1013771057,【非常重要】人力资源管理问题，2.18日直播回放,1676708379,1676708379,785,职业职场,8,119,44,113,0,348,70,49,11029,1,0,123.0,44.0,0.0,117.0,353.0,70.0,51.0,11527.0,6.0,853311.0,120.0,113807.0,1958.1166666666666,0,。,0,4.773148148148148,7077.625,0,0,1.6785714285714286,4.107142857142857
309564160,1677119218,1013862368,体制内的各位，提拔不了日子怎么过,1676797140,1676712442,349,职业职场,3,17,0,98,0,127,3,38,2435,1,0,19.0,0.0,0.0,112.0,137.0,3.0,40.0,2715.0,3.0,30113.0,213.0,5676.591549295775,320.0469483568075,1,。,0,3.72775462962963,46990.333333333336,0,0,0.0,1.0
309622938,1677112800,1014285096,Creo/proe血管支架，建模技巧，结构设计，creo教程，proe教程，creo在线教学，一加一教育，佳言老师,1677023040,1676728390,83,职业职场,10,2,0,18,0,30,2,0,347,1,0,2.0,0.0,0.0,21.0,32.0,2.0,0.0,419.0,5.0,47202.0,490.0,3911.4510204081635,72.35510204081632,1,。,0,1.038888888888889,150.7,0,0,0.0,0.0
309672898,1677118324,1015652309,你真的一直误解了中国邮政,1676805613,1676805613,473,职业职场,8,5343,1440,3927,0,35339,1634,809,593727,1,0,5606.0,1478.0,0.0,4133.0,36949.0,1706.0,849.0,621736.0,6.0,2124083.0,220.0,871858.9136363637,61302.19545454546,0,。,0,3.619340277777778,220309.125,1,0,2.338,71.366
309699619,1677119249,1015429248,【公务员面试】消费券发放的前期调研怎么做？,1676795347,1676795347,552,职业职场,7,13,2,54,0,48,11,3,843,1,0,17.0,4.0,0.0,90.0,54.0,16.0,3.0,1185.0,6.0,40937.0,55.0,24620.945454545454,880.2181818181818,1,？,0,3.7488657407407406,19116.285714285714,4,0,1.2,0.8
309739750,1677119160,1015520503,在体制内，年轻人若有以下表现，是绝对的不成熟,1676798960,1676798960,180,职业职场,5,122,1,468,0,551,25,68,19346,1,0,131.0,1.0,0.0,498.0,575.0,31.0,70.0,20577.0,6.0,97704.0,580.0,18051.775862068964,374.29137931034484,0,。,0,3.7060185185185186,25405.4,0,0,0.22727272727272727,10.909090909090908
309768961,1677112674,1019561777,看穿那些假装欣赏你的人,1677029217,1677029217,190,职业职场,6,120,57,692,0,1119,129,162,53125,1,0,184.0,72.0,0.0,1088.0,1615.0,172.0,233.0,79698.0,6.0,219916.0,896.0,10749.583705357143,263.2455357142857,0,。,0,0.9659375,61824.333333333336,2,44,1.1475409836065573,45.08196721311475
309790360,1677111807,1019390118,智性恋鼻祖曹琴默的职场沉浮启示录｜高玩的聪明与清醒【钱婧】,1677057900,1677014826,619,职业职场,10,83,49,76,0,280,18,18,3158,1,0,115.0,88.0,0.0,107.0,372.0,24.0,24.0,5586.0,6.0,208923.0,127.0,48497.11811023622,2661.51968503937,1,。,0,0.6239236111111112,15833.7,0,1,0.2,1.0
309825753,1677113824,1018740902,一道很难的甘肃选调生面试题目，你能答出来几点？,1676977028,1676977028,191,职业职场,4,49,1,76,0,160,19,18,4085,1,0,51.0,1.0,0.0,110.0,184.0,21.0,23.0,5356.0,3.0,51738.0,39.0,35466.307692307695,1130.6410256410256,0,？,0,1.583287037037037,42866.5,0,0,0.125,2.5625
351741670,1677120619,1002937033,2.18遴选申论｜上岸捷径：体系化的转化为擅长的！！！,1676714400,1676094098,309,职业职场,6,17,0,40,0,62,6,4,2196,1,0,17.0,0.0,0.0,42.0,62.0,7.0,4.0,2346.0,5.0,63105.0,269.0,6939.085501858736,210.60594795539035,0,！,0,4.701608796296297,5766.666666666667,3,0,1.0,0.6666666666666666
352056572,1677116267,1011736452,如何改变自己在单位的软弱个性,1676891640,1676603838,83,职业职场,6,18,2,136,0,167,2,9,2984,1,0,22.0,2.0,0.0,195.0,207.0,4.0,14.0,4002.0,4.0,39704.0,148.0,19574.364864864863,643.4459459459459,0,。,0,2.599849537037037,21179.5,0,0,0.0,1.0
352086529,1677121949,1011930099,江浙真题5--以”变与不变“为题，发表演讲,1676639700,1676618562,174,职业职场,4,27,3,224,0,118,11,19,4833,1,0,27.0,3.0,0.0,243.0,123.0,11.0,22.0,5129.0,5.0,72374.0,282.0,13101.517730496455,276.42907801418437,1,。,0,5.581585648148148,1547.0,0,0,0.3333333333333333,1.7777777777777777
352096032,1677120682,1012331587,35岁后的职业生涯到底有多难,1676712600,1676629389,145,职业职场,9,0,0,33,0,62,7,21,2617,1,0,0.0,0.0,0.0,36.0,64.0,8.0,23.0,2866.0,4.0,40093.0,895.0,3076.863687150838,115.21005586592179,0,。,0,4.723171296296297,14535.666666666666,0,0,0.16666666666666666,1.6666666666666667
352110172,1677121939,1012315792,员工的忠诚取决于领导自己,1676640000,1676628721,118,职业职场,7,2,0,33,0,41,2,16,1014,1,0,2.0,0.0,0.0,34.0,42.0,2.0,20.0,1099.0,4.0,40093.0,895.0,3076.863687150838,115.21005586592179,0,。,0,5.577997685185185,18229.571428571428,0,0,0.0,0.0
352140106,1677117537,1015761899,自动生成一个完整的Revit模型，这是AI干的？！,1676853000,1676811425,195,职业职场,11,46,2,253,0,173,27,321,7739,1,0,48.0,2.0,0.0,277.0,186.0,32.0,344.0,8269.0,6.0,43756.0,406.0,4746.564039408867,111.37931034482759,0,？,0,3.0617708333333336,20996.363636363636,0,2,1.1666666666666667,5.583333333333333
352174588,1677115945,1017420780,废弃核酸小屋“再就业”（下）,1676899700,1676899700,228,职业职场,8,7,0,25,0,52,10,3,1203,1,0,9.0,0.0,0.0,27.0,58.0,10.0,3.0,1373.0,5.0,35260.0,346.0,3586.5289017341042,78.64739884393063,0,。,0,2.502835648148148,4099.375,3,1,1.0,0.6
352223965,1677119362,1015143812,VLOOKUP函数核对两个表格，实在太方便啦！,1676790300,1676782920,62,职业职场,10,3,0,63,0,45,5,8,1658,1,0,3.0,0.0,0.0,64.0,45.0,5.0,9.0,1695.0,5.0,158152.0,91.0,30234.86813186813,616.967032967033,1,！,0,3.808587962962963,645.2,2,0,0.6666666666666666,0.0
352230552,1677115789,1017583129,超赞！一等奖！高中英语演讲稿写作课！设计超好！考编面试学起来！,1676906437,1676906437,901,职业职场,8,6,0,72,0,33,2,14,1376,1,0,8.0,0.0,0.0,100.0,48.0,2.0,18.0,1615.0,4.0,30520.0,168.0,6877.339285714285,213.9702380952381,1,！,0,2.4230555555555555,7.125,0,0,0.0,0.0
352242376,1677115778,1017604601,课堂常规｜「自主预习」正确打开方式✅,1676907373,1676907373,176,职业职场,6,8,1,39,0,153,3,4,1873,1,0,10.0,1.0,0.0,52.0,174.0,4.0,4.0,2203.0,6.0,78563.0,139.0,127539.53237410072,5975.194244604317,1,。,0,2.4120949074074076,294652.3333333333,0,0,0.0,1.0
352304959,1677112687,1019562188,【对啊网】Excel小技巧——区分单元格红/黄小三角,1677029026,1677029026,70,职业职场,10,1,0,5,0,6,0,0,588,1,0,1.0,0.0,0.0,5.0,7.0,0.0,0.0,645.0,6.0,1006055.0,937.0,46466.3628601921,764.2027748132338,1,。,0,0.9682986111111112,514.2,0,0,0.0,0.0
352339319,1677111514,1019987415,我第一次开除小白兔的经历，希望能带给你启发,1677064800,1677048405,258,职业职场,10,4,6,32,0,90,3,12,1734,1,0,8.0,10.0,0.0,73.0,213.0,32.0,21.0,6792.0,4.0,40093.0,895.0,3076.863687150838,115.21005586592179,0,。,0,0.5406712962962963,37395.1,0,0,0.0,0.6666666666666666
394357493,1677111710,1006347117,2.22遴选申论｜2023年要上岸的朋友！速冲！（一整年考点）,1677060000,1676291004,615,职业职场,6,15,2,43,0,43,5,7,1099,1,0,23.0,2.0,0.0,73.0,78.0,9.0,16.0,2191.0,5.0,63105.0,269.0,6939.085501858736,210.60594795539035,0,！,0,0.5984953703703704,578.3333333333334,2,1,0.6666666666666666,0.6666666666666666
394420559,1677123961,1010974037,遴选92.6分的答案，希望对备考公务员面试的大家有帮助,1676552851,1676552851,96,职业职场,4,535,6,967,0,793,51,73,33472,1,0,566.0,6.0,0.0,1082.0,861.0,52.0,87.0,37588.0,3.0,51738.0,39.0,35466.307692307695,1130.6410256410256,0,。,0,6.610069444444444,50888.75,11,0,1.3181818181818181,10.0
394423599,1677118222,1010333712,【底稿篇】20 应付职工薪酬 新人第一年必做科目 相关程序及注意事项（下）,1676810416,1676526021,420,职业职场,11,21,10,21,0,64,2,3,847,1,0,25.0,12.0,0.0,22.0,68.0,2.0,3.0,908.0,6.0,65074.0,171.0,12914.397660818713,488.8187134502924,1,。,0,3.5625694444444442,148983.18181818182,0,1,0.0,1.0
394441363,1677116321,1010191650,去有风的地方：每个人的生活，都需要一点呼吸感,1676889960,1676519984,226,职业职场,5,2,0,11,0,40,1,5,463,1,0,3.0,0.0,0.0,11.0,42.0,1.0,7.0,517.0,5.0,111784.0,141.0,57971.624113475176,4454.560283687943,0,。,0,2.6199189814814816,40248.4,0,0,0.0,0.0
394508374,1677120615,1013735803,【公务员遴选笔试】被暴力拆除的对联，透露了一个基层真相,1676714400,1676707966,135,职业职场,9,3,0,7,0,22,1,0,394,1,0,3.0,0.0,0.0,7.0,23.0,1.0,0.0,407.0,5.0,150366.0,1171.0,10479.456874466268,536.6771989752349,1,。,0,4.7015625,4253.666666666667,0,0,0.0,0.0
394565852,1677122369,1012278154,Word文档中，文档批注的使用方法和功能,1676628052,1676628052,75,职业职场,9,0,0,19,0,30,0,1,257,1,0,0.0,0.0,0.0,20.0,30.0,0.0,1.0,272.0,4.0,31973.0,341.0,5457.134897360704,139.16715542521993,1,。,0,5.721261574074074,14649.222222222223,0,0,0.0,0.0
394580370,1677120365,1013222044,职场不被淘汰的秘籍，专业能力不够强的人怎么晋升？,1676722500,1676688518,227,职业职场,8,70,21,374,0,517,18,77,24788,1,0,75.0,24.0,0.0,388.0,542.0,20.0,81.0,26959.0,5.0,115617.0,186.0,38950.62903225807,1132.9247311827958,0,？,0,4.6049189814814815,16003.625,0,0,0.125,7.75
394582318,1677120611,1013359073,教师掌握4大技能，主业副业两不误,1676714400,1676691051,359,职业职场,9,170,7,592,0,751,49,29,13780,1,0,172.0,7.0,0.0,607.0,765.0,49.0,33.0,14482.0,6.0,445124.0,167.0,112370.8263473054,3537.88622754491,1,。,0,4.7015162037037035,12291.777777777777,8,0,0.8214285714285714,9.142857142857142
394600289,1677120231,1013340219,2023个人在淘宝开店创业的前景如何？,1676727000,1676689627,193,职业职场,10,26,2,47,0,105,21,7,3588,1,0,26.0,2.0,0.0,50.0,114.0,21.0,7.0,3935.0,5.0,55383.0,500.0,5455.296,117.466,1,？,0,4.551284722222222,172.4,2,0,1.625,1.0
394601200,1677119877,1013842103,被同事集体孤立PUA你该怎么办,1676769300,1676712299,87,职业职场,3,4,0,43,0,54,3,1,1142,1,0,4.0,0.0,0.0,55.0,64.0,3.0,2.0,1281.0,3.0,30113.0,213.0,5676.591549295775,320.0469483568075,1,。,0,4.057604166666667,46990.333333333336,0,0,0.0,3.0
394620546,1677121904,1011962429,vlookup分段查询匹配-Excel函数入门到实战制作自动化报表模板之(四),1676640600,1676619558,123,职业职场,11,2,0,18,0,20,2,1,385,1,0,2.0,0.0,0.0,18.0,21.0,2.0,1.0,394.0,5.0,91511.0,579.0,2457.20725388601,67.67012089810017,1,。,0,5.570648148148148,26853.81818181818,1,0,1.0,0.0
394625560,1677117530,1016408713,每日即兴英文演讲Was there an event / celebration you thought it was going to be best,1676854078,1676854078,188,职业职场,6,23,1,6,0,54,14,1,626,1,0,23.0,1.0,0.0,6.0,55.0,14.0,1.0,649.0,5.0,30289.0,455.0,1832.8087912087913,61.738461538461536,1,。,0,3.049212962962963,191654.16666666666,6,6,1.0,1.5714285714285714
394632566,1677115025,1018030129,PPT里的重点数据，别再只会标红了！,1676953800,1676945784,222,职业职场,11,506,124,1464,0,1265,32,126,82790,1,0,623.0,128.0,0.0,1899.0,1572.0,37.0,161.0,107529.0,6.0,140668.0,57.0,67841.57894736843,2594.157894736842,1,！,0,1.8660300925925926,12038.818181818182,3,6,0.5,5.954545454545454
394647566,1677116389,1017139718,护理学眼中的护士!双一流医科大学，护理学专业，毕业6年后的生活现状,1676887515,1676887515,135,职业职场,10,41,32,83,0,1024,192,93,27135,1,0,41.0,33.0,0.0,89.0,1072.0,202.0,103.0,29434.0,6.0,371238.0,285.0,165432.9649122807,5909.049122807018,1,。,0,2.6490046296296295,54858.9,0,0,5.277777777777778,23.47222222222222
394675716,1677119490,1016823199,【2月19日题目解析】凉茶的问题,1676783638,1676783638,1021,职业职场,1,53,16,49,0,264,97,47,10957,1,0,54.0,21.0,0.0,51.0,270.0,101.0,48.0,11498.0,6.0,853311.0,120.0,113807.0,1958.1166666666666,0,。,0,3.8871759259259258,25.0,1,3,3.074074074074074,4.185185185185185
394682034,1677116011,1017393546,【立体拼合原创方法-数面法】无空间想象能力秒杀一类黑块型立体拼合,1676898749,1676898749,805,职业职场,10,955,171,3092,0,1658,72,420,30310,1,0,1201.0,211.0,0.0,3801.0,2125.0,88.0,565.0,39474.0,6.0,33403.0,65.0,16180.753846153846,689.0923076923077,1,。,0,2.5146064814814815,39958.7,8,12,0.6382978723404256,2.276595744680851
394698489,1677116579,1016536435,体制内为啥有的领导快退休还在拼命干活,1676884500,1676861377,103,职业职场,3,2,0,8,0,42,2,7,1149,1,0,2.0,0.0,0.0,8.0,42.0,2.0,8.0,1234.0,3.0,30113.0,213.0,5676.591549295775,320.0469483568075,1,。,0,2.686099537037037,46990.333333333336,0,0,0.0,0.0
394701140,1677111500,1018384287,职场中的五种犯傻行为，你踩坑了吗？快来对照！,1677065400,1676962587,74,职业职场,3,6,0,29,0,56,4,5,1043,1,0,6.0,0.0,0.0,44.0,73.0,5.0,13.0,1659.0,5.0,100079.0,2.0,3615057.5,83763.5,0,？,0,0.5335648148148148,42914.333333333336,0,0,0.0,0.75
394771413,1677111614,1020087744,你是交警，高速发生交通事故，有车辆占用应急车道导致救护车过不去，领导让你前去处理，你怎么办？,1677061200,1677051987,124,职业职场,2,0,0,1,0,8,0,1,80,1,0,0.0,0.0,0.0,1.0,9.0,0.0,1.0,109.0,4.0,38380.0,585.0,3430.931623931624,94.64102564102564,0,？,0,0.5834953703703704,1048.0,0,0,0.0,0.0
394774930,1677112896,1019153832,【2023广东省考】申论押题手册！连续两年押中！,1676995378,1676995378,173,职业职场,7,376,54,283,0,307,1275,9,6562,1,0,388.0,81.0,0.0,298.0,325.0,1331.0,11.0,7869.0,5.0,35076.0,183.0,11177.5956284153,192.45355191256832,1,！,1,1.360162037037037,253.28571428571428,474,499,0.9879759519038076,1.034068136272545
394841657,1677111457,1020426901,【旁门左道PPT】什么档次的PPT？值得年薪百万？,1677066650,1677066650,239,职业职场,11,102,7,339,0,657,47,55,13602,1,0,170.0,116.0,0.0,570.0,921.0,61.0,94.0,26178.0,6.0,1963813.0,269.0,158579.89591078067,7793.271375464684,1,？,1,0.518599537037037,12273.272727272728,9,0,0.6,2.8666666666666667
394850106,1677112415,1019700948,Blender中创建程序化得绳索桥,1677035882,1677035882,1471,职业职场,2,2,0,21,0,9,0,0,222,2,0,2.0,0.0,0.0,26.0,11.0,0.0,0.0,268.0,4.0,31653.0,2207.0,409.47122791119165,13.284549161758042,1,。,0,0.8857986111111111,29374.0,0,0,0.0,0.0
394851047,1677113952,1018632722,手机进水,1676973772,1676973772,458,职业职场,6,0,0,1,0,12,2,0,477,1,0,0.0,0.0,0.0,1.0,16.0,3.0,0.0,503.0,5.0,64712.0,457.0,6410.792122538293,345.2144420131291,1,。,0,1.6224537037037037,457190.5,0,0,0.0,0.0
394866044,1677111507,1019639548,体制内摸鱼十年后最大的感悟是什么,1677065100,1677035090,234,职业职场,3,7,0,26,0,32,1,1,1037,1,0,9.0,0.0,0.0,33.0,43.0,2.0,3.0,1364.0,3.0,30113.0,213.0,5676.591549295775,320.0469483568075,1,。,0,0.5371180555555556,46990.333333333336,0,0,0.0,0.0
436878215,1677111078,1010975699,2.16、靠学历分配的时代    早就过去了  醒醒吧！,1677081600,1676552971,118,职业职场,3,0,0,8,0,9,0,3,186,1,0,1.0,1.0,0.0,106.0,139.0,30.0,17.0,2448.0,4.0,31473.0,288.0,5719.034722222223,294.50347222222223,1,！,0,0.34118055555555554,86.66666666666667,0,0,0.0,0.0
437024997,1677121413,1013275556,【2.17直播回放】青少年电子烟问题,1676686930,1676686930,797,职业职场,8,167,54,122,0,318,71,68,10532,1,0,171.0,57.0,0.0,125.0,324.0,72.0,74.0,10997.0,6.0,853311.0,120.0,113807.0,1958.1166666666666,0,。,0,5.028738425925926,7077.625,0,0,0.5652173913043478,5.413043478260869
437045410,1677122413,1012300551,管理者要学会主动给员工加工资,1676627991,1676627991,83,职业职场,3,2,0,7,0,12,2,4,612,1,0,2.0,0.0,0.0,7.0,12.0,2.0,6.0,658.0,4.0,40093.0,895.0,3076.863687150838,115.21005586592179,0,。,0,5.722476851851852,42338.666666666664,0,0,0.0,0.0
437051860,1677120250,1012205580,同事之间不要过多的解释,1676726400,1676625556,68,职业职场,3,0,0,35,0,63,1,4,1119,1,0,0.0,0.0,0.0,36.0,64.0,1.0,4.0,1192.0,3.0,30113.0,213.0,5676.591549295775,320.0469483568075,1,。,0,4.558449074074074,46990.333333333336,0,0,0.0,0.0
437073574,1677121727,1012808713,索马里拼多多电商平台,1676649064,1676649064,117,职业职场,6,15,1,14,0,68,25,16,2192,1,0,15.0,1.0,0.0,17.0,72.0,28.0,17.0,2421.0,4.0,33805.0,287.0,5484.7874564459935,189.90243902439025,0,。,0,5.470636574074074,198.33333333333334,0,0,0.9230769230769231,3.1538461538461537
437077573,1677121969,1011727746,该怎样和一个阴险的领导相处,1676639280,1676605742,214,职业职场,3,6,1,43,0,68,3,13,1644,1,0,6.0,1.0,0.0,45.0,69.0,3.0,13.0,1761.0,3.0,30113.0,213.0,5676.591549295775,320.0469483568075,1,。,0,5.586678240740741,46990.333333333336,0,0,0.5,1.0
437115956,1677121250,1013389437,这些赤裸裸的真相，刷新了我的认知！,1676691566,1676691567,278,职业职场,11,7,0,43,0,47,1,2,724,1,0,7.0,0.0,0.0,43.0,47.0,1.0,2.0,744.0,6.0,94451.0,263.0,117574.01901140684,4279.836501901141,0,！,0,4.973194444444444,212701.63636363635,0,0,0.0,0.0
437156409,1677116486,1017106565,没有水电煤气账单、办公地与注册地不同，如何完成账号验证？,1676886082,1676886083,148,职业职场,9,4,0,38,0,14,1,9,588,1,0,4.0,1.0,0.0,45.0,18.0,2.0,11.0,693.0,4.0,30089.0,658.0,2033.018237082067,34.8951367781155,1,？,0,2.666712962962963,0.2222222222222222,0,0,0.0,1.0
437168567,1677116313,1017046421,2023陕西省考申论热点：一带一路 —主讲：吴洋,1676890660,1676890660,192,职业职场,10,4,0,6,0,12,1,2,643,1,0,4.0,0.0,0.0,7.0,14.0,2.0,3.0,879.0,5.0,33305.0,159.0,6703.754716981132,92.0880503144654,1,。,0,2.611724537037037,846.8,0,0,0.0,0.0
437178320,1677118720,1015615395,大领导特别欣赏和在乎的一种能力，你具备吗？,1676802888,1676802888,137,职业职场,10,8,0,40,0,105,1,7,1910,1,0,8.0,0.0,0.0,40.0,106.0,1.0,7.0,1964.0,6.0,354088.0,244.0,324807.65573770495,13214.860655737704,0,？,0,3.655462962962963,15260.0,0,0,0.0,4.0
437183881,1677118739,1015604664,Excel表格中，如何设置表格动态数据自动计算求和？,1676802276,1676802276,63,职业职场,10,0,0,38,0,47,0,2,509,1,0,0.0,0.0,0.0,39.0,47.0,0.0,3.0,563.0,4.0,31973.0,341.0,5457.134897360704,139.16715542521993,1,？,0,3.6627662037037036,13191.6,0,0,0.0,0.0
437217604,1677116430,1017015335,我，一名95后高中老师，顿悟了…,1676887094,1676887094,251,职业职场,6,203,107,360,0,1271,48,25,10772,1,0,235.0,108.0,0.0,407.0,1402.0,55.0,29.0,13776.0,6.0,154412.0,206.0,71174.29126213593,3738.5776699029125,1,。,0,2.654351851851852,272.3333333333333,7,8,0.2777777777777778,4.444444444444445
437233372,1677118696,1015634354,我的第一个周末vlog 嘻嘻嘻,1676804077,1676804077,183,职业职场,2,22,5,0,0,292,27,1,4027,1,0,23.0,5.0,0.0,1.0,297.0,27.0,1.0,4225.0,4.0,32338.0,94.0,23372.468085106382,1011.7553191489362,0,。,0,3.641423611111111,33344.0,5,4,0.22727272727272727,0.9545454545454546
437303482,1677113848,1018713960,你真的会用IF函数吗？快来看看辛莱德怎么教你学会！！,1676975994,1676975994,75,职业职场,7,4,1,38,0,104,2,1,2092,1,0,4.0,1.0,0.0,40.0,107.0,2.0,1.0,2159.0,6.0,559277.0,209.0,186487.07655502393,7395.100478468899,0,？,0,1.5955324074074073,19506.14285714286,1,0,1.0,1.0
437310142,1677113607,1018836507,报社，虽然年收入10万，但工作辛苦加班多环境差，只想提桶跑路,1676981250,1676981250,160,职业职场,10,29,1,14,0,148,41,3,4914,1,0,33.0,1.0,0.0,16.0,156.0,42.0,7.0,5259.0,6.0,87527.0,228.0,55448.90350877193,1314.9298245614036,1,。,0,1.5319097222222222,16089.2,1,0,1.3333333333333333,4.5
437328499,1677113378,1018978488,黄金回收，里面的门道你看懂了吗?,1676987317,1676987317,223,职业职场,7,2632,123,833,0,10488,286,293,140760,1,0,8622.0,297.0,0.0,2493.0,40120.0,614.0,737.0,393066.0,6.0,113349.0,12.0,1574074.5,111849.91666666667,0,。,0,1.4590393518518519,11508.57142857143,0,0,0.9144736842105263,6.171052631578948
437361484,1677113750,1018785843,“一把手”一般会培养什么样的人？带你看透这个问题！,1676978959,1676978959,137,职业职场,11,9,0,30,0,75,0,2,1618,1,0,11.0,0.0,0.0,34.0,80.0,0.0,3.0,1723.0,6.0,354088.0,244.0,324807.65573770495,13214.860655737704,0,？,0,1.5600810185185185,3499.0,0,0,0.0,0.0
437366543,1677112581,1019603457,从一位普通设计师到最牛装配式设计公司，他们用技术预埋实现了三次逆袭,1677032803,1677032803,1242,职业职场,11,6,1,10,0,20,4,2,869,1,0,10.0,1.0,0.0,13.0,27.0,10.0,2.0,1032.0,6.0,43756.0,406.0,4746.564039408867,111.37931034482759,0,。,0,0.9233564814814815,16672.272727272728,0,0,1.0,1.0
479456182,1677124515,1010829484,GTJ2021自定义节点功能，广联达节点扣减问题终于解决了，但还是个半成品,1676546741,1676546741,565,职业职场,10,12,1,36,0,31,15,6,1024,1,0,12.0,1.0,0.0,38.0,33.0,15.0,6.0,1090.0,5.0,36159.0,481.0,2393.4656964656965,66.3097713097713,1,。,0,6.687199074074074,177.6,5,4,1.2857142857142858,0.8571428571428571
479463990,1677124617,1010099646,2023陕西事业单位考试—削弱角度之因果倒置,1676543940,1676520306,243,职业职场,9,1,0,1,0,9,0,0,22,1,0,1.0,0.0,0.0,1.0,9.0,0.0,0.0,28.0,4.0,34256.0,514.0,4294.599221789883,458.57587548638134,1,。,0,6.720798611111111,4477.555555555556,0,0,0.0,0.0
479538707,1677119936,1014798434,Blender中的编制,1676765111,1676765111,1607,职业职场,2,2,0,115,0,24,2,1,474,2,0,2.0,0.0,0.0,132.0,26.0,2.0,1.0,543.0,4.0,31653.0,2207.0,409.47122791119165,13.284549161758042,1,。,0,4.106770833333333,20407.5,0,0,0.0,1.5
479551340,1677120320,1014183906,学查电路故障，新手电工只需吃透断路短路漏电故障，就能事半功倍,1676724703,1676724703,77,职业职场,8,36,0,133,0,136,2,3,2462,1,0,40.0,0.0,0.0,153.0,145.0,3.0,3.0,2803.0,5.0,35297.0,530.0,7251.9452830188675,163.56037735849057,1,。,0,4.578900462962963,463.0,0,0,0.0,1.5
479567881,1677120640,1013899520,俄亥俄州毒气泄露,1676713542,1676713543,426,职业职场,10,2,1,16,0,32,3,2,1064,1,0,2.0,1.0,0.0,17.0,36.0,4.0,2.0,1274.0,5.0,45898.0,26.0,31134.5,1268.0,0,。,0,4.711782407407408,25643.3,0,0,0.0,0.5
479568526,1677120192,1012212133,幸福的工作是可能的吗,1676728800,1676624526,416,职业职场,5,34,0,75,0,103,9,12,1891,1,0,36.0,0.0,0.0,78.0,107.0,9.0,12.0,1973.0,6.0,37235.0,337.0,4955.231454005935,250.7507418397626,0,。,0,4.53,25890.2,0,0,0.42857142857142855,3.2857142857142856
479571502,1677120444,1012200254,体制内的举报你知道后果吗？,1676719200,1676625506,170,职业职场,3,30,17,186,0,533,51,38,15311,1,0,30.0,17.0,0.0,193.0,542.0,51.0,38.0,15692.0,3.0,30113.0,213.0,5676.591549295775,320.0469483568075,1,？,0,4.644027777777778,46990.333333333336,0,0,1.9166666666666667,12.0
479573413,1677121083,1013497442,七天公考速成（不是），七天公考学习技巧，复盘技巧！,1676696687,1676696687,545,职业职场,7,152,5,369,0,278,71,36,6630,1,0,156.0,5.0,0.0,373.0,282.0,72.0,36.0,6885.0,6.0,194390.0,329.0,37202.74164133739,1099.9392097264438,1,！,0,4.911990740740741,239211.85714285713,4,42,0.16129032258064516,0.8709677419354839
479594220,1677121718,1012820279,职场小白必须尽早知道的10个真相,1676649845,1676649845,149,职业职场,11,6,1,37,0,51,0,2,878,1,0,6.0,1.0,0.0,37.0,51.0,0.0,2.0,897.0,6.0,94451.0,263.0,117574.01901140684,4279.836501901141,0,。,0,5.461493055555556,163823.63636363635,0,0,0.0,0.0
479602794,1677118249,1012360647,老板不断的给你加活不给你加钱到底是为什么,1676808900,1676630727,115,职业职场,8,5,1,37,0,104,2,29,3527,1,0,7.0,1.0,0.0,45.0,121.0,4.0,38.0,4259.0,4.0,40093.0,895.0,3076.863687150838,115.21005586592179,0,。,0,3.5804282407407406,19584.875,0,0,0.0,2.0
479604805,1677120663,1013910731,土木工程的难兄难弟：陕西二本，同宿舍6个工程造价女生，毕业5年后现状,1676712999,1676712999,180,职业职场,10,64,84,85,0,1181,267,164,32103,1,0,64.0,89.0,0.0,91.0,1222.0,280.0,168.0,33705.0,6.0,371238.0,285.0,165432.9649122807,5909.049122807018,1,。,0,4.718333333333334,55069.8,0,0,4.096774193548387,21.35483870967742
479660056,1677116324,1017195573,我们不仅仅只是谈业务的外贸业务员,1676889817,1676889817,124,职业职场,1,5,3,18,0,297,14,7,10491,1,0,5.0,3.0,0.0,21.0,335.0,15.0,7.0,11918.0,4.0,32338.0,94.0,23372.468085106382,1011.7553191489362,0,。,0,2.621608796296296,16.0,0,0,0.5555555555555556,8.333333333333334
479687680,1677117996,1016042267,超赞！高中英语优质课一等奖！词汇教学示范！太牛了！考编面试必学！,1676821749,1676821749,901,职业职场,8,24,0,260,0,121,6,43,2603,1,0,26.0,0.0,0.0,304.0,143.0,6.0,51.0,3236.0,4.0,30520.0,168.0,6877.339285714285,213.9702380952381,1,！,0,3.4287847222222223,7.0,0,0,0.0,0.0
479692787,1677113649,1018155077,李佳琦的这张PPT表格页，配色真大气！,1676980800,1676962880,82,职业职场,7,10,2,38,0,57,5,1,702,1,0,10.0,2.0,0.0,46.0,57.0,5.0,1.0,770.0,6.0,110566.0,129.0,29614.023255813954,2153.6279069767443,1,！,0,1.5376041666666667,20120.0,2,0,1.0,0.0
479738246,1677113805,1018369998,单位里不想受气你就要气场强大，四招见效！,1676977200,1676969785,71,职业职场,3,11,3,77,0,96,10,12,1932,1,0,11.0,3.0,0.0,87.0,107.0,10.0,16.0,2221.0,5.0,100079.0,2.0,3615057.5,83763.5,0,！,0,1.5810763888888888,42247.0,0,0,0.25,0.75
479757484,1677111827,1020202753,连合理的拒绝都不会，还怎么在职场混？,1677057372,1677057372,298,职业职场,10,370,44,689,0,1065,99,228,34922,1,0,622.0,57.0,0.0,1119.0,1723.0,155.0,384.0,64973.0,5.0,115617.0,186.0,38950.62903225807,1132.9247311827958,0,？,0,0.6302662037037037,13432.8,0,0,0.8214285714285714,7.696428571428571
479762165,1677111192,1020647839,Excel忽略空格和0求每个月平均销量,1677075116,1677075116,389,职业职场,4,3,0,34,0,70,5,3,587,1,0,5.0,0.0,0.0,51.0,111.0,6.0,5.0,932.0,6.0,339679.0,772.0,16208.34585492228,831.4481865284974,0,。,0,0.4175462962962963,1447.5,0,0,0.25,0.0
479776756,1677111649,1020304887,武汉985院校，4个传统工科硕士，真实的就业和薪资情况,1677060977,1677060977,166,职业职场,10,47,46,90,0,978,262,52,24821,1,0,62.0,76.0,0.0,161.0,1341.0,508.0,88.0,41925.0,6.0,371238.0,285.0,165432.9649122807,5909.049122807018,1,。,0,0.5864814814814815,78171.0,0,0,3.1029411764705883,22.279411764705884
479799567,1677111054,1020857441,没录取你，才是学校最大的损失！,1677085626,1677085626,228,职业职场,7,15,23,9,0,59,11,13,1289,1,0,39.0,90.0,0.0,23.0,183.0,32.0,44.0,2977.0,5.0,50570.0,76.0,21655.026315789473,928.0,0,！,0,0.29430555555555554,301088.5714285714,0,0,0.42857142857142855,0.42857142857142855
479849120,1677111242,1020594974,写材料常用套路词汇编，word文件,1677073040,1677073040,64,职业职场,2,2,0,14,0,11,1,5,719,1,0,2.0,0.0,0.0,28.0,13.0,1.0,9.0,1030.0,5.0,36913.0,312.0,5738.086538461538,112.88461538461539,1,。,0,0.4421527777777778,2.0,0,0,0.0,0.0
482021929,1677120479,1012528462,如何才能变得富有？通过自我暗示对自己建立不可动摇的信念 | 自我暗示的方法,1676718000,1676638476,214,职业职场,10,30,0,313,0,156,0,11,1847,1,0,30.0,0.0,0.0,338.0,168.0,0.0,12.0,2067.0,5.0,48814.0,99.0,18075.21212121212,726.0,1,？,0,4.658321759259259,132.1,0,0,0.0,0.0
482024189,1677117583,1014284316,Creo/proe模型颜色库文件，设计资料，结构设计，creo教程，proe教程，creo在线教学，一加一教育，佳言老师,1676850600,1676728373,79,职业职场,10,2,1,21,0,23,14,3,559,1,0,2.0,1.0,0.0,23.0,24.0,14.0,3.0,600.0,5.0,47202.0,490.0,3911.4510204081635,72.35510204081632,1,。,0,3.0900810185185184,150.7,7,0,1.0,0.0
482025729,1677119276,1013310738,领导总是在快下班才安排你工作，导致你经常加班，你会怎么办？,1676793600,1676688645,122,职业职场,2,0,0,5,0,8,0,0,219,1,0,0.0,0.0,0.0,5.0,8.0,0.0,0.0,242.0,4.0,38380.0,585.0,3430.931623931624,94.64102564102564,0,？,0,3.769398148148148,48328.5,0,0,0.0,0.0
482041275,1677121745,1012760807,担当作为类公文材料，适用过渡金句，50句，word文件,1676646768,1676646768,71,职业职场,5,2,0,39,0,29,1,2,669,1,0,6.0,0.0,0.0,43.0,31.0,1.0,3.0,699.0,5.0,36913.0,312.0,5738.086538461538,112.88461538461539,1,。,0,5.497418981481482,18.8,0,0,0.0,0.0
482047449,1677121494,1012170097,没有后台背景的人如何让别人不敢招惹你,1676682900,1676625980,154,职业职场,5,2,0,55,0,85,5,13,2100,1,0,5.0,0.0,0.0,60.0,91.0,5.0,13.0,2359.0,3.0,30113.0,213.0,5676.591549295775,320.0469483568075,1,。,0,5.076319444444445,28195.4,0,0,0.3333333333333333,0.0
482087369,1677121958,1011947174,运营到底是干啥的？发展前景咋样？3步快速入门不走弯路,1676639519,1676639519,282,职业职场,9,2,4,32,0,20,3,5,543,1,0,2.0,4.0,0.0,34.0,21.0,3.0,6.0,621.0,6.0,65885.0,174.0,16430.994252873563,523.0689655172414,1,？,0,5.583784722222222,42479.666666666664,1,0,0.5,0.0
482134047,1677119141,1015522401,医院里的香饽饽!河南专科，同宿舍6个护理学男生，毕业4年现状,1676799356,1676799356,144,职业职场,10,74,53,142,0,2256,292,163,61308,1,0,79.0,60.0,0.0,161.0,2705.0,302.0,173.0,70452.0,6.0,371238.0,285.0,165432.9649122807,5909.049122807018,1,。,0,3.7012152777777776,17492.3,0,0,3.3684210526315788,20.776315789473685
482154342,1677118020,1016040897,市长田封义一套公式轻松换算含权量，再次拿着祖传名画登门拜访省委副书记于华北,1676820401,1676820401,159,职业职场,11,2,0,19,0,80,2,1,1750,1,0,2.0,0.0,0.0,20.0,85.0,2.0,2.0,1850.0,6.0,354088.0,244.0,324807.65573770495,13214.860655737704,0,。,0,3.444664351851852,115350.90909090909,0,0,1.0,1.0
482158277,1677116199,1017121425,职场小白学了也能成为管理大咖,1676894100,1676887245,375,职业职场,10,0,0,17,0,15,0,4,670,1,0,0.0,0.0,0.0,20.0,15.0,0.0,4.0,738.0,4.0,40093.0,895.0,3076.863687150838,115.21005586592179,0,。,0,2.570590277777778,176669.8,0,0,0.0,0.0
482204923,1677116643,1017018554,申论答疑@龙华老师,1676883020,1676883020,781,职业职场,6,0,0,1,0,4,2,2,412,1,0,0.0,0.0,0.0,1.0,4.0,2.0,2.0,510.0,6.0,73568.0,190.0,18306.263157894737,252.83684210526314,0,。,0,2.7039699074074073,1751.0,0,0,0.0,0.0
482260346,1677114027,1018637543,20个自我批评存在问题｜民主生活会材料｜救急干货分享,1676973042,1676973042,254,职业职场,8,68,0,423,0,180,14,81,2609,1,0,99.0,1.0,0.0,540.0,221.0,18.0,117.0,3389.0,4.0,31209.0,183.0,6365.792349726776,245.21857923497268,0,。,0,1.6317708333333334,10031.875,0,0,0.3333333333333333,0.6666666666666666
482299709,1677111449,1020253699,找工作谈薪，这3个环节很重要，90%人都搞错了！,1677067200,1677059010,147,职业职场,8,4,0,48,0,35,1,0,890,1,0,22.0,0.0,0.0,354.0,256.0,6.0,18.0,5914.0,4.0,34741.0,171.0,10848.672514619882,678.9649122807018,0,！,0,0.5121412037037038,28668.875,0,0,0.0,1.0
482371011,1677111797,1020235509,51% 卡尼曼双系统,1677058093,1677058093,260,职业职场,9,59,2,136,0,156,15,16,2015,1,0,122.0,7.0,0.0,407.0,308.0,26.0,30.0,4705.0,6.0,59605.0,129.0,17248.643410852714,672.4728682170543,0,。,0,0.6215740740740741,182156.77777777778,0,0,0.15384615384615385,1.4615384615384615
524578477,1677121148,1012178969,同事欺负你一定有领导在搞鬼,1676693700,1676625372,81,职业职场,4,2,0,17,0,46,1,4,1246,1,0,2.0,0.0,0.0,19.0,48.0,1.0,4.0,1362.0,3.0,30113.0,213.0,5676.591549295775,320.0469483568075,1,。,0,4.947314814814815,35242.75,0,0,0.0,0.0
524593983,1677121901,1011716798,直通车广泛匹配与精准匹配的区别与应用,1676640600,1676603097,130,职业职场,10,11,2,28,0,34,2,2,807,1,0,11.0,2.0,0.0,31.0,35.0,2.0,2.0,903.0,5.0,55383.0,500.0,5455.296,117.466,1,。,0,5.570613425925926,172.4,0,0,0.0,0.0
524598559,1677120249,1012287044,sumif(s)单(多)条件求和-Excel函数入门到实战制作自动化报表模板之(五),1676726400,1676628412,243,职业职场,11,1,0,10,0,17,0,2,1125,1,0,1.0,0.0,0.0,11.0,17.0,0.0,2.0,1139.0,5.0,91511.0,579.0,2457.20725388601,67.67012089810017,1,。,0,4.5584375,26987.909090909092,0,0,0.0,0.0
524634456,1677118742,1015588152,女性到底需要什么样的主义？从上野千鹤子工伤谈起：,1676802128,1676802128,229,职业职场,5,180,99,553,0,2735,150,108,38972,1,0,180.0,101.0,0.0,557.0,2769.0,154.0,108.0,39667.0,6.0,138524.0,79.0,83065.64556962025,6592.367088607595,0,？,0,3.664513888888889,63.2,0,0,2.370967741935484,29.85483870967742
524652140,1677118185,1015803441,我为什么总喜欢笑？！,1676811629,1676811629,182,职业职场,7,79,51,28,0,513,54,19,5546,1,0,87.0,53.0,0.0,30.0,541.0,54.0,19.0,6023.0,5.0,50570.0,76.0,21655.026315789473,928.0,0,？,0,3.5481018518518517,54698.71428571428,1,3,0.3888888888888889,8.444444444444445
524652417,1677114990,1018078503,请不要随便告诉别人你是公务员,1676954700,1676947482,146,职业职场,3,0,1,7,0,30,1,3,680,1,0,0.0,1.0,0.0,8.0,31.0,2.0,3.0,762.0,3.0,30113.0,213.0,5676.591549295775,320.0469483568075,1,。,0,1.8552083333333333,46990.333333333336,0,0,0.0,0.0
524658204,1677114787,1018376372,撼！高级的PPT图文混排,1676961798,1676961798,69,职业职场,6,0,0,7,0,7,0,0,243,1,0,0.0,0.0,0.0,9.0,9.0,0.0,0.0,268.0,5.0,30870.0,117.0,11987.820512820514,484.7606837606838,0,！,0,1.7707060185185186,713.6666666666666,0,0,0.0,0.0
524671616,1677115835,1017528795,Excel前三位数字不满整数退位取整,1676903973,1676903973,124,职业职场,5,5,0,25,0,99,12,4,828,1,0,5.0,0.0,0.0,26.0,100.0,12.0,4.0,856.0,6.0,339679.0,772.0,16208.34585492228,831.4481865284974,0,。,0,2.4521064814814815,1247.0,0,0,3.0,0.6666666666666666
524689584,1677117218,1016449537,江浙真题6--“丛林法则”淘汰中小微企业，可取吗？,1676864962,1676864962,181,职业职场,4,11,2,28,0,28,3,5,983,1,0,11.0,2.0,0.0,31.0,28.0,3.0,5.0,1148.0,5.0,72374.0,282.0,13101.517730496455,276.42907801418437,1,？,0,2.91962962962963,265.75,1,0,2.0,1.0
524706425,1677117997,1016068380,当面试官遇到了真正的办公高手…,1676821709,1676821709,118,职业职场,10,2459,120,22018,0,26201,255,560,612050,1,0,2728.0,128.0,0.0,24195.0,28226.0,274.0,614.0,671475.0,6.0,552601.0,243.0,221952.83950617284,8058.156378600823,0,。,0,3.4292592592592595,191420.7,0,0,0.8475609756097561,16.99390243902439
524744282,1677118702,1015642696,119-自嘲是人际交往中非常有效的技巧。,1676803863,1676803863,68,职业职场,9,0,0,1,0,12,1,0,540,1,0,0.0,0.0,0.0,1.0,12.0,1.0,0.0,644.0,5.0,77043.0,145.0,50829.855172413794,2184.6758620689657,1,。,0,3.6439699074074072,14641.111111111111,0,0,0.0,0.0
524745220,1677116329,1016755126,【逸笔文案】真的，建议专家不要再建议了……这篇央视网评真是绝了，必须分享给大家❗️申论结构化面试公务员写材料素材,1676889603,1676871548,317,职业职场,10,2,1,19,0,27,1,2,1868,1,0,2.0,1.0,0.0,19.0,29.0,1.0,2.0,1930.0,5.0,105990.0,101.0,38409.66336633663,561.1584158415842,1,。,0,2.6241435185185185,12963.3,0,0,0.0,0.0
524748412,1677118026,1016031535,Excel一列日期统计周末天数,1676819914,1676819914,91,职业职场,5,3,0,33,0,86,0,0,967,1,0,3.0,0.0,0.0,33.0,86.0,0.0,0.0,979.0,6.0,339679.0,772.0,16208.34585492228,831.4481865284974,0,。,0,3.4503703703703703,601.6,0,0,0.0,0.0
524777807,1677112371,1019738444,如何摆脱垃圾人际关系？分享一个“四字咒语”，把说你坏话的人的嘴，堵住！,1677037096,1677037096,93,职业职场,5,39,2,172,0,410,27,20,4410,1,0,57.0,3.0,0.0,224.0,488.0,29.0,22.0,5827.0,6.0,284963.0,110.0,88223.97272727273,9515.581818181818,0,？,0,0.8712384259259259,40884.6,0,0,0.5882352941176471,3.411764705882353
524798596,1677112359,1019563457,江浙真题7--如何处理“领导满意”和“群众满意”的关系,1677037800,1677033527,187,职业职场,4,18,3,69,0,34,4,4,1219,1,0,20.0,3.0,0.0,101.0,39.0,5.0,9.0,1893.0,5.0,72374.0,282.0,13101.517730496455,276.42907801418437,1,。,0,0.8629513888888889,1547.0,0,0,0.0,1.25
524854577,1677111596,1020316402,想做好电商必备的三个条件 零基础学电商-28课,1677061766,1677061766,164,职业职场,7,4,0,1,0,16,1,1,630,1,0,4.0,0.0,0.0,4.0,18.0,6.0,1.0,886.0,6.0,39224.0,301.0,8999.019933554817,433.9468438538206,0,。,0,0.5767361111111111,1171.0,0,0,0.0,1.0
524861153,1677112684,1019557277,初级会计职称题库每日刷一题|对啊网名师 签字并盖章的人员,1677029042,1677029042,110,职业职场,10,0,0,2,0,14,1,1,269,1,0,0.0,0.0,0.0,2.0,18.0,1.0,2.0,303.0,6.0,1006055.0,937.0,46466.3628601921,764.2027748132338,1,。,0,0.9680787037037037,76.8,0,0,0.0,0.0
524870895,1677111475,1019665058,面试谎言？被开除的原因是什么【职场导师Don】,1677066240,1677034221,606,职业职场,11,2,0,6,0,17,0,0,156,1,0,4.0,0.0,0.0,8.0,18.0,0.0,0.0,206.0,4.0,30254.0,105.0,6946.895238095238,221.1809523809524,1,？,0,0.5235532407407407,24497.090909090908,0,0,0.0,0.0
566888324,1677123932,1010630715,直通车广泛匹配和精准匹配哪个更好？有什么区别？,1676554200,1676521417,196,职业职场,10,12,0,23,0,35,5,3,879,1,0,12.0,0.0,0.0,23.0,35.0,5.0,3.0,931.0,5.0,55383.0,500.0,5455.296,117.466,1,？,0,6.59412037037037,172.4,1,0,0.6666666666666666,0.6666666666666666
566919605,1677123470,1011558876,既要做坦率之人，又不要挨打,1676595591,1676595591,176,职业职场,3,100,7,124,0,463,50,21,9689,1,0,104.0,8.0,0.0,128.0,489.0,51.0,22.0,10442.0,6.0,219916.0,896.0,10749.583705357143,263.2455357142857,0,。,0,6.109710648148148,42202.333333333336,1,12,0.40540540540540543,7.243243243243243
567047242,1677121226,1013405544,你做对了吗？绝不能跟任何人分享的4个秘密！,1676692170,1676692171,117,职业职场,11,10,1,86,0,159,5,8,2201,1,0,10.0,2.0,0.0,88.0,159.0,5.0,8.0,2246.0,6.0,354088.0,244.0,324807.65573770495,13214.860655737704,0,？,0,4.965925925925926,5808.909090909091,0,0,0.0,0.8
567061638,1677110993,1014285358,Creo/proe高尔夫球建模，建模技巧，结构设计，creo教程，proe教程，creo在线教学，一加一教育，佳言老师,1677108000,1676728389,98,职业职场,10,0,0,1,0,1,0,0,171,1,0,0.0,0.0,0.0,11.0,13.0,0.0,0.0,643.0,5.0,47202.0,490.0,3911.4510204081635,72.35510204081632,1,。,0,0.0346412037037037,150.7,0,0,0.0,0.0
567081747,1677120428,1014052326,文科专业求职必看！进央企国企有哪些合适岗位可选,1676719857,1676719857,237,职业职场,7,2,0,12,0,16,0,0,393,1,0,2.0,0.0,0.0,12.0,16.0,0.0,0.0,406.0,6.0,68861.0,181.0,22368.762430939227,821.7955801104972,0,！,0,4.636238425925926,6452.714285714285,0,0,0.0,0.0
567108447,1677121444,1013245090,超赞！高中英语优质课一等奖！语音优质课！太牛了！考编面试必学！,1676685501,1676685501,874,职业职场,6,11,0,162,0,122,9,25,2223,1,0,13.0,0.0,0.0,230.0,160.0,11.0,32.0,3009.0,4.0,30520.0,168.0,6877.339285714285,213.9702380952381,1,！,0,5.0456365740740745,9.5,1,0,0.125,0.0
567134856,1677119149,1015526079,实话实话！老祖宗的赚钱方法论,1676799086,1676799086,83,职业职场,11,0,0,0,0,2,0,0,16,1,0,0.0,0.0,0.0,0.0,2.0,0.0,0.0,17.0,5.0,37723.0,14.0,67072.21428571429,14931.57142857143,0,！,0,3.70443287037037,39078.09090909091,0,0,0.0,0.0
567137911,1677118748,1015571561,工作和上学为什么让人难受，低谷时如何调节心态,1676801970,1676801971,499,职业职场,11,2586,510,1669,0,10075,461,810,72612,1,0,2686.0,530.0,0.0,1762.0,10549.0,482.0,849.0,76971.0,6.0,582742.0,57.0,474366.2807017544,44243.57894736842,1,。,0,3.666412037037037,14640.727272727272,9,11,0.6903914590747331,21.160142348754448
567143516,1677119417,1015267255,每日即兴英文演讲What does it mean to listen well?,1676788420,1676788420,196,职业职场,6,15,1,2,0,44,18,5,483,1,0,15.0,1.0,0.0,1.0,48.0,18.0,5.0,507.0,5.0,30289.0,455.0,1832.8087912087913,61.738461538461536,1,。,0,3.8309837962962963,191833.5,8,8,1.0,0.8888888888888888
567149919,1677116139,1017323806,唐主任履新人大，折射出体制内这些潜规则，你很有必要掌握,1676895655,1676895655,255,职业职场,6,114,5,74,0,600,89,47,24759,1,0,114.0,5.0,0.0,77.0,616.0,90.0,50.0,25780.0,6.0,87527.0,228.0,55448.90350877193,1314.9298245614036,1,。,0,2.551898148148148,81.0,4,0,3.6285714285714286,10.571428571428571
567153369,1677115509,1017982616,可视化后的《孙子兵法》，更易读懂,1676942588,1676942588,100,职业职场,10,0,0,2,0,12,1,0,252,1,0,0.0,0.0,0.0,2.0,12.0,1.0,0.0,274.0,5.0,30807.0,402.0,14966.1815920398,834.1517412935324,0,。,0,2.001400462962963,26035.0,0,0,0.0,0.0
567196544,1677116385,1016975463,在施工单位真的加班到十点吗？这才是主要原因吧！,1676887855,1676882684,600,职业职场,10,9,0,13,0,48,18,6,1182,1,0,9.0,0.0,0.0,18.0,55.0,18.0,8.0,1380.0,5.0,36159.0,481.0,2393.4656964656965,66.3097713097713,1,？,0,2.645023148148148,177.6,6,2,1.5,1.0
567218280,1677116320,1017199393,Excel表格中，如何制作能打钩的复选框按钮？,1676890003,1676890003,85,职业职场,10,2,0,46,0,46,2,2,1228,1,0,2.0,0.0,0.0,47.0,47.0,2.0,2.0,1273.0,4.0,31973.0,341.0,5457.134897360704,139.16715542521993,1,？,0,2.619409722222222,13418.4,0,0,0.0,0.0
567218533,1677115882,1017461973,2023年深圳市市属事业单位招聘高校应届毕业生公告,1676901551,1676901552,267,职业职场,8,16,102,169,0,167,230,193,13484,1,0,16.0,102.0,0.0,188.0,179.0,244.0,201.0,14717.0,5.0,30611.0,123.0,17623.048780487807,295.7235772357724,1,。,0,2.4806828703703703,320.75,27,1,2.359375,2.734375
567230823,1677119266,1015417583,试讲面试80分到90分，你需要抠好这5个细节。,1676794602,1676794602,150,职业职场,4,16,0,108,0,128,7,5,2506,1,0,20.0,0.0,0.0,132.0,148.0,8.0,6.0,2891.0,4.0,56623.0,99.0,16569.383838383837,1071.2525252525252,0,。,0,3.7576851851851854,390.75,1,0,0.2,1.8
567305899,1677112000,1019721463,同事之间处理好关系很重要，请问你怎么处理与同事的关系？,1677052800,1677037661,146,职业职场,2,0,0,0,0,6,2,1,81,1,0,0.0,0.0,0.0,1.0,6.0,2.0,2.0,94.0,4.0,38380.0,585.0,3430.931623931624,94.64102564102564,0,？,0,0.6851851851851852,48328.5,0,0,0.0,0.0
567348113,1677111676,1019711395,老造价五分钟就能找到工作，做造价一定要万事留一线！任何分包单位不是看起来这么简单的。,1677060032,1677037167,601,职业职场,1,12,4,18,0,60,18,2,1336,1,0,12.0,5.0,0.0,35.0,107.0,23.0,5.0,2393.0,5.0,36159.0,481.0,2393.4656964656965,66.3097713097713,1,！,0,0.5977314814814815,689.0,5,7,0.6363636363636364,2.4545454545454546
609467579,1677118232,1010025011,体制内摸鱼大师刘慈欣,1676810100,1676513210,96,职业职场,5,7,0,20,0,88,5,13,1704,1,0,7.0,0.0,0.0,24.0,95.0,5.0,15.0,1867.0,4.0,39704.0,148.0,19574.364864864863,643.4459459459459,0,。,0,3.5663425925925925,111388.4,0,0,0.0,0.4
609551868,1677121313,1013326575,新公司在知乎上的口碑很差，我该不该信？,1676690225,1676690225,331,职业职场,11,193,115,456,0,554,92,49,13803,1,0,199.0,117.0,0.0,473.0,574.0,93.0,52.0,14975.0,6.0,63670.0,213.0,23387.788732394365,710.8826291079812,1,？,0,4.989444444444445,66777.0,6,6,2.2758620689655173,22.0
609581095,1677121710,1012834155,没错，我放弃公务员了,1676650378,1676650378,300,职业职场,1,109,7,262,0,682,129,25,50554,1,0,109.0,7.0,0.0,260.0,682.0,129.0,25.0,50604.0,5.0,35260.0,346.0,3586.5289017341042,78.64739884393063,0,。,0,5.455231481481482,3.0,38,1,1.5660377358490567,9.943396226415095
609641012,1677117491,1016436083,【对啊网】Excel小技巧——Text的用法（二）,1676855867,1676855867,139,职业职场,10,2,2,4,0,11,1,0,258,1,0,2.0,2.0,0.0,4.0,12.0,1.0,0.0,265.0,6.0,1006055.0,937.0,46466.3628601921,764.2027748132338,1,。,0,3.0280555555555555,514.2,0,0,0.0,0.0
609670908,1677116466,1017115986,想让老板觉得你靠谱，做好这几件事,1676886442,1676886442,114,职业职场,4,2,0,28,0,39,2,1,1117,1,0,3.0,0.0,0.0,37.0,47.0,2.0,2.0,1357.0,4.0,40093.0,895.0,3076.863687150838,115.21005586592179,0,。,0,2.662314814814815,33703.5,0,0,0.0,0.0
609690179,1677116687,1016513779,有些男领导是怎么设局套路女下属的,1676881500,1676860488,296,职业职场,3,35,5,418,0,477,32,143,15921,1,0,41.0,6.0,0.0,460.0,523.0,37.0,154.0,17473.0,3.0,30113.0,213.0,5676.591549295775,320.0469483568075,1,。,0,2.722071759259259,46990.333333333336,0,0,0.8235294117647058,9.411764705882353
609727053,1677118728,1015608943,怎么判断你是不是当官的料？,1676802441,1676802441,65,职业职场,10,1,0,25,0,50,0,6,1549,1,0,1.0,0.0,0.0,25.0,50.0,0.0,6.0,1576.0,6.0,94451.0,263.0,117574.01901140684,4279.836501901141,0,？,0,3.6607291666666666,48971.9,0,0,0.0,0.0
609729905,1677116685,1016933237,【2月20日直播回放】抽烟喝酒对寿命的影响问题,1676881514,1676881514,742,职业职场,8,66,64,54,0,309,86,57,10271,1,0,68.0,71.0,0.0,58.0,313.0,86.0,60.0,11048.0,6.0,853311.0,120.0,113807.0,1958.1166666666666,0,。,0,2.721886574074074,7077.625,1,0,0.9361702127659575,3.297872340425532
609733535,1677113947,1018130720,自动跳转的导航按钮,1676973900,1676949893,96,职业职场,3,0,0,2,0,15,0,0,133,1,0,0.0,0.0,0.0,2.0,17.0,2.0,0.0,151.0,3.0,37652.0,117.0,28053.62393162393,1288.7863247863247,1,。,0,1.6209143518518518,315.3333333333333,0,0,0.0,0.0
609826433,1677112391,1019718449,这个上司，多少让人头大了，序号输入大法，赶紧收藏！！,1677036455,1677036455,102,职业职场,6,2,1,40,0,106,2,2,1920,1,0,2.0,1.0,0.0,43.0,113.0,2.0,2.0,2017.0,6.0,559277.0,209.0,186487.07655502393,7395.100478468899,0,！,0,0.8788888888888889,1633.3333333333333,0,0,0.0,0.0
652019892,1677122416,1012291382,不会PS的人、适合做电商吗？,1676627952,1676627952,119,职业职场,8,2,0,9,0,20,4,1,908,1,0,2.0,0.0,0.0,9.0,20.0,4.0,2.0,942.0,6.0,39224.0,301.0,8999.019933554817,433.9468438538206,0,？,0,5.722962962962963,3019.0,0,0,0.0,0.25
652103593,1677121423,1013268366,每日即兴英文演讲Should all education at all level be free?,1676686430,1676686430,181,职业职场,7,17,0,4,0,44,15,0,1022,1,0,17.0,0.0,0.0,4.0,44.0,15.0,0.0,1043.0,5.0,30289.0,455.0,1832.8087912087913,61.738461538461536,1,。,0,5.034641203703703,398146.71428571426,6,6,1.1428571428571428,0.8571428571428571
652116430,1677119798,1014939493,初级会计职称题库每日刷一题|对啊网名师 固定资产折旧,1676773460,1676773461,151,职业职场,10,2,1,5,0,9,1,0,172,1,0,2.0,1.0,0.0,5.0,9.0,1.0,0.0,175.0,6.0,1006055.0,937.0,46466.3628601921,764.2027748132338,1,。,0,4.008541666666667,76.8,0,0,0.0,0.0
652162721,1677117111,1016491741,一位退休高官的从政感悟,1676866800,1676859052,245,职业职场,3,0,0,57,0,74,1,11,2218,1,0,0.0,0.0,0.0,72.0,97.0,1.0,17.0,2877.0,3.0,30113.0,213.0,5676.591549295775,320.0469483568075,1,。,0,2.8971180555555556,46990.333333333336,0,0,0.0,0.0
652166401,1677116659,1017011494,特斯拉重拾毫米波雷达，激光雷达(Lidar)没戏了吗？,1676882633,1676882633,253,职业职场,10,40,42,30,0,198,18,8,4375,1,0,40.0,44.0,0.0,30.0,203.0,18.0,10.0,4555.0,6.0,63670.0,213.0,23387.788732394365,710.8826291079812,1,？,0,2.7086342592592594,60748.6,7,1,1.5,0.875
652168754,1677115813,1017559556,“为”字型写材料素材汇编，40例，word文件,1676905346,1676905346,92,职业职场,2,4,0,27,0,24,1,1,1023,1,0,4.0,0.0,0.0,27.0,24.0,1.0,1.0,1043.0,5.0,36913.0,312.0,5738.086538461538,112.88461538461539,1,。,0,2.435960648148148,2.0,0,0,0.0,0.0
652182123,1677113567,1018175514,小学？初中？高中？教师公招报名怎么选？,1676982600,1676952513,252,职业职场,9,2,0,11,0,18,0,2,1090,1,0,4.0,0.0,0.0,12.0,21.0,0.0,4.0,1225.0,4.0,32022.0,90.0,9446.033333333333,217.57777777777778,0,？,0,1.5158217592592593,461.3333333333333,0,0,0.0,0.0
652187013,1677114982,1018216859,【2023广东省考】考前急救+10分，1招做对9道推理题！,1676955296,1676955297,1145,职业职场,7,86,85,249,0,140,98,33,3912,1,0,107.0,104.0,0.0,292.0,166.0,123.0,44.0,4999.0,5.0,35076.0,183.0,11177.5956284153,192.45355191256832,1,！,0,1.8482175925925926,731.4285714285714,47,50,0.96,1.06
652221105,1677114959,1018249141,做表表不行，玩梗第一名，10秒教你快速制作时间计划表！！,1676956059,1676956059,73,职业职场,7,2,0,30,0,126,7,1,1367,1,0,2.0,0.0,0.0,30.0,129.0,7.0,1.0,1422.0,6.0,559277.0,209.0,186487.07655502393,7395.100478468899,0,！,0,1.8391203703703705,18209.428571428572,1,0,0.16666666666666666,0.16666666666666666
652227000,1677113693,1018350846,想要让员工忠诚，除了金钱外你的情感付出到位了没有？,1676979900,1676960723,176,职业职场,9,0,2,31,0,53,2,12,1800,1,0,1.0,2.0,0.0,39.0,65.0,3.0,17.0,2550.0,4.0,40093.0,895.0,3076.863687150838,115.21005586592179,0,？,0,1.5485300925925927,15491.666666666666,0,0,1.0,0.0
652243041,1677114815,1018316526,"智人永不为奴！头铁UP主单挑ChatGPT职场话题,评论区持续更新中...",1676960532,1676960532,330,职业职场,10,30,41,19,0,114,66,6,1736,1,0,34.0,44.0,0.0,19.0,122.0,71.0,6.0,1907.0,6.0,63670.0,213.0,23387.788732394365,710.8826291079812,1,！,0,1.7856828703703704,29255.4,17,1,1.8333333333333333,1.125
652244000,1677116089,1017357955,工业电气设计管丨继电保护丨变电站丨工业园丨 史老师,1676897012,1676897012,1293,职业职场,11,0,0,2,0,4,0,1,122,1,0,0.0,0.0,0.0,2.0,4.0,0.0,1.0,131.0,4.0,53623.0,513.0,958.187134502924,27.058479532163744,1,。,0,2.5356134259259258,11198.363636363636,0,0,0.0,0.0
652248166,1677116152,1017185558,今天更换一个联想Y7000的键盘，看完之后请在评论区打出so easy,1676895119,1676895119,164,职业职场,5,1,0,4,0,38,4,0,737,1,0,1.0,0.0,0.0,4.0,38.0,4.0,0.0,757.0,5.0,64712.0,457.0,6410.792122538293,345.2144420131291,1,。,0,2.5582523148148146,164041.4,1,0,0.3333333333333333,1.0
652264948,1677112308,1019776562,10省份放宽报考公务员35岁年龄限制,1677038790,1677038790,228,职业职场,9,4,2,4,0,72,10,3,2061,1,0,5.0,2.0,0.0,5.0,86.0,13.0,6.0,2535.0,5.0,76419.0,51.0,92167.90196078431,3001.627450980392,1,。,0,0.8509027777777778,37553.88888888889,0,0,0.1,1.2
652325692,1677113830,1018732647,比较万能的职业院校试讲导入～别再乱讲了！,1676976706,1676976706,109,职业职场,5,4,0,20,0,33,3,0,412,1,0,4.0,0.0,0.0,24.0,39.0,3.0,0.0,494.0,4.0,56623.0,99.0,16569.383838383837,1071.2525252525252,0,！,0,1.5870833333333334,19192.0,0,0,0.0,1.0
652329896,1677111405,1020469159,公文写作常用28类四字词汇编，537例，word文件,1677067915,1677067915,184,职业职场,3,14,0,101,0,46,2,7,571,1,0,29.0,0.0,0.0,195.0,70.0,2.0,16.0,1374.0,5.0,36913.0,312.0,5738.086538461538,112.88461538461539,1,。,0,0.5033564814814815,336.0,0,1,0.0,1.0
694506983,1677118268,1014896974,你越“好学”，你就越容易在面试中被淘汰！,1676808000,1676771943,108,职业职场,11,117,34,1165,0,1785,113,57,50775,1,0,125.0,36.0,0.0,1203.0,1828.0,117.0,58.0,52434.0,6.0,210667.0,354.0,35247.627118644064,1114.8898305084747,1,！,0,3.591064814814815,20722.0,0,0,1.5714285714285714,27.591836734693878
694534923,1677119333,1014284563,Creo/proe ipad曲面造型，建模技巧，结构设计，creo教程，proe教程，creo在线教学，一加一教育，佳言老师,1676791500,1676728364,112,职业职场,10,0,1,47,0,62,5,3,1063,1,0,0.0,1.0,0.0,50.0,68.0,7.0,3.0,1122.0,5.0,47202.0,490.0,3911.4510204081635,72.35510204081632,1,。,0,3.794363425925926,150.7,0,0,0.6666666666666666,0.0
694548816,1677119638,1013889562,【公务员遴选笔试】乡镇干部的“金木水火土”,1676779200,1676712355,139,职业职场,8,8,0,20,0,28,0,4,456,1,0,8.0,0.0,0.0,20.0,29.0,0.0,6.0,481.0,5.0,150366.0,1171.0,10479.456874466268,536.6771989752349,1,。,0,3.9402546296296297,653.5,0,0,0.0,0.0
694595898,1677119383,1013857661,领导为啥故意把单位整乱,1676789760,1676712380,104,职业职场,3,24,5,82,0,184,16,46,4437,1,0,24.0,5.0,0.0,84.0,191.0,17.0,50.0,4735.0,3.0,30113.0,213.0,5676.591549295775,320.0469483568075,1,。,0,3.8150810185185184,46990.333333333336,0,0,0.0,1.9333333333333333
694629446,1677115857,1017493390,给大家分享一道人际关系题，备考甘肃省选调生的同学要格外注意此类题目。,1676902865,1676902865,213,职业职场,6,178,25,371,0,527,131,73,42800,1,0,178.0,25.0,0.0,384.0,547.0,125.0,73.0,44457.0,3.0,51738.0,39.0,35466.307692307695,1130.6410256410256,0,。,0,2.4651851851851854,34605.0,2,1,1.6491228070175439,23.982456140350877
694651593,1677118759,1015046195,求职宝典：面试被问离职原因，什么话一定不能说？,1676801700,1676778472,119,职业职场,8,4,0,43,0,41,4,4,737,1,0,4.0,0.0,0.0,48.0,45.0,4.0,5.0,863.0,4.0,34741.0,171.0,10848.672514619882,678.9649122807018,0,？,0,3.6696643518518517,12524.875,0,0,0.3333333333333333,0.3333333333333333
694654146,1677115932,1016567550,做电商要会抄？其实你未必抄的起,1676899800,1676862346,110,职业职场,10,15,0,47,0,70,14,4,1967,1,0,17.0,0.0,0.0,59.0,78.0,15.0,6.0,2290.0,5.0,55383.0,500.0,5455.296,117.466,1,？,0,2.5015277777777776,172.4,5,0,0.75,0.375
694660824,1677113976,1018006491,被平级主管叠罗汉了怎么办,1676973600,1676943813,262,职业职场,5,34,7,144,0,258,29,27,9270,1,0,39.0,7.0,0.0,191.0,306.0,35.0,37.0,11950.0,5.0,65308.0,149.0,33200.30201342282,1130.758389261745,0,。,0,1.6247222222222222,25862.2,1,0,1.1428571428571428,8.357142857142858
694695132,1677115158,1018156435,他因削弱和直接否定论点，谁强？以这道四川省考真题为例,1676951142,1676951142,214,职业职场,1,3,0,17,0,14,25,3,969,1,0,3.0,1.0,0.0,17.0,15.0,32.0,5.0,1184.0,6.0,61882.0,328.0,8114.731707317073,177.8810975609756,0,？,0,1.8983333333333334,4953.0,1,0,1.8,0.3
694698350,1677116210,1017246062,职场情商低的人乱表现瞎表现，优秀的人能很好地控制表现欲望,1676893755,1676893755,246,职业职场,6,19,0,46,0,70,5,4,1022,1,0,19.0,0.0,0.0,50.0,75.0,7.0,4.0,1116.0,5.0,30591.0,375.0,4805.242666666667,239.536,0,。,0,2.574710648148148,22153.166666666668,1,1,0.25,4.25
694733328,1677118313,1015654522,签租房合同要注意的7个细节，看完不掉坑！生活常识 薅知识,1676805990,1676805990,240,职业职场,11,35,0,373,0,335,6,34,2504,1,0,35.0,0.0,0.0,387.0,348.0,6.0,38.0,2615.0,6.0,324688.0,205.0,373669.5073170732,26437.09756097561,0,！,0,3.614849537037037,8870.727272727272,1,0,0.2,2.8
694735551,1677116596,1016813452,不看后悔系列｜关注关得好，职场没烦恼,1676883900,1676873976,75,职业职场,3,40,4,516,0,830,25,8,6798,1,0,44.0,4.0,0.0,554.0,893.0,25.0,10.0,7419.0,6.0,88218.0,308.0,75327.23701298701,3715.4545454545455,0,。,0,2.6932407407407406,349.3333333333333,2,0,0.23809523809523808,8.80952380952381
694789832,1677113363,1019001893,避雷！向上沟通汇报常见的7个错误！,1676987951,1676987951,138,职业职场,8,3,0,16,0,23,2,2,1095,1,0,3.0,0.0,0.0,19.0,25.0,2.0,2.0,1123.0,6.0,68861.0,181.0,22368.762430939227,821.7955801104972,0,！,0,1.4515277777777778,15922.75,1,0,1.0,0.0
694852237,1677111869,1019584567,欧洲“扫地僧”助力华为新员工,1677056400,1677037685,106,职业职场,5,2,0,5,0,56,3,1,1335,1,0,2.0,0.0,0.0,6.0,75.0,5.0,2.0,1636.0,5.0,96360.0,165.0,15161.915151515152,743.6666666666666,0,。,0,0.6420023148148148,18258.4,1,0,0.5,0.5
736984042,1677122644,1010495148,单位领导让你和老同事一起完成工作，老同事经常找各种理由不来上班，导致任务失败，你怎么办？,1676620800,1676533196,120,职业职场,2,0,0,2,0,7,1,1,453,1,0,0.0,0.0,0.0,2.0,7.0,1.0,1.0,463.0,4.0,38380.0,585.0,3430.931623931624,94.64102564102564,0,？,0,5.80837962962963,48328.5,0,0,0.0,0.0
737005442,1677122370,1012071095,在施工单位做预算什么感觉，国企和私企任务量差距太大！,1676628026,1676620324,600,职业职场,10,17,11,50,0,132,22,26,4168,1,0,20.0,13.0,0.0,52.0,145.0,23.0,27.0,4525.0,5.0,36159.0,481.0,2393.4656964656965,66.3097713097713,1,！,0,5.721574074074074,177.6,4,7,0.8333333333333334,2.75
737025091,1677120758,1013825975,如今社会，什么样的人最可怜？,1676709633,1676709634,403,职业职场,11,16,1,48,0,73,1,9,1484,1,0,16.0,1.0,0.0,50.0,73.0,1.0,9.0,1513.0,6.0,94451.0,263.0,117574.01901140684,4279.836501901141,0,？,0,4.758391203703703,212593.36363636365,0,0,0.0,1.0
737042606,1677122191,1012404809,Morry喊你下班啦！,1676632598,1676632598,109,职业职场,1,7,2,1,0,72,19,0,2223,1,0,9.0,2.0,0.0,1.0,76.0,19.0,0.0,2300.0,4.0,32338.0,94.0,23372.468085106382,1011.7553191489362,0,！,0,5.666585648148148,2.0,1,0,1.2,0.1
737086789,1677120810,1013183118,领导让你回家和父母沟通棚户区拆迁，一个星期内必须要沟通好，你怎么办？,1676707200,1676682617,161,职业职场,2,1,0,5,0,11,0,2,192,1,0,1.0,0.0,0.0,6.0,11.0,0.0,2.0,228.0,4.0,38380.0,585.0,3430.931623931624,94.64102564102564,0,？,0,4.787152777777778,48328.5,0,0,0.0,0.0
737096538,1677121952,1012562906,入行一年 我再也做不了模特了？,1676639578,1676639578,559,职业职场,6,6121,318,1050,0,11611,465,261,168784,1,0,7258.0,382.0,0.0,1235.0,13598.0,510.0,377.0,203661.0,6.0,369324.0,378.0,171130.42857142858,6707.161375661376,1,？,0,5.583032407407408,38394.5,0,0,1.2608695652173914,73.95217391304348
737129957,1677116326,1017193327,遇到不配合的同事怎么办？,1676889760,1676889760,217,职业职场,6,11,2,36,0,107,11,11,1960,1,0,11.0,2.0,0.0,37.0,116.0,11.0,11.0,2142.0,5.0,65308.0,149.0,33200.30201342282,1130.758389261745,0,？,0,2.6222916666666665,21554.166666666668,0,0,0.375,2.125
737151383,1677118697,1015641372,118-很多直男哄老婆，煞费苦心说了一大堆，老婆反而更生气了，原因是什么你知道吗？,1676803951,1676803951,70,职业职场,9,0,0,1,0,4,1,1,243,1,0,0.0,0.0,0.0,3.0,7.0,2.0,1.0,869.0,5.0,77043.0,145.0,50829.855172413794,2184.6758620689657,1,？,0,3.6428935185185187,382.6666666666667,0,0,0.0,0.0
737158175,1677117461,1016468723,2023一号文件 I 5分钟讲完,1676857655,1676857655,403,职业职场,10,3594,324,21529,0,10337,192,3839,362543,1,0,4118.0,464.0,0.0,24610.0,12160.0,198.0,4642.0,414835.0,5.0,45898.0,26.0,31134.5,1268.0,0,。,0,3.007013888888889,3490.3,0,0,2.0875,26.1125
737161277,1677113969,1017260535,【Java高级】线上GC问题，技术专家如何分析，与面试很不一样,1676973600,1676893007,392,职业职场,10,654,118,753,0,1008,307,76,22789,1,0,805.0,119.0,0.0,948.0,1240.0,350.0,109.0,29463.0,6.0,62209.0,269.0,16838.940520446096,612.3531598513011,0,。,0,1.6246412037037037,84816.4,115,116,1.7435897435897436,2.9145299145299144
737169975,1677118181,1015833392,奋进激励类相关公文材料适用，比喻类过渡句汇编，word文件,1676811912,1676811912,95,职业职场,3,0,0,25,0,27,1,0,572,1,0,0.0,0.0,0.0,26.0,27.0,1.0,0.0,606.0,5.0,36913.0,312.0,5738.086538461538,112.88461538461539,1,。,0,3.5447800925925925,1.3333333333333333,0,0,0.0,0.0
737183524,1677117255,1016597691,公务员面试考场：怎么看待有人质疑农村直播无法长久,1676863937,1676863937,146,职业职场,9,6,1,45,0,235,16,21,4295,1,0,6.0,1.0,0.0,47.0,237.0,16.0,21.0,4440.0,6.0,1574166.0,53.0,1565322.7547169812,51389.49056603773,1,。,0,2.9319212962962964,4725.444444444444,0,0,0.36363636363636365,5.090909090909091
737194218,1677114079,1018389403,下属是老油条，为什不建议你直接开除？,1676972400,1676963208,297,职业职场,7,130,41,426,0,625,41,162,32347,1,0,143.0,45.0,0.0,476.0,697.0,52.0,189.0,38737.0,5.0,115617.0,186.0,38950.62903225807,1132.9247311827958,0,？,0,1.6398032407407408,30781.85714285714,0,0,2.125,11.375
737205272,1677118147,1015864315,近期写公文材料适用，金句汇编，50句，word文件,1676813095,1676813095,144,职业职场,2,2,0,29,0,27,0,3,1497,1,0,2.0,0.0,0.0,30.0,27.0,0.0,3.0,1522.0,5.0,36913.0,312.0,5738.086538461538,112.88461538461539,1,。,0,3.5306944444444444,2.0,0,0,0.0,0.0
737230094,1677116733,1016952530,别瞎努力，没用。,1676880134,1676880134,674,职业职场,10,1310,413,2399,0,5068,424,860,90135,1,0,2118.0,577.0,0.0,4305.0,8714.0,564.0,1350.0,142841.0,4.0,71322.0,21.0,109632.90476190476,9465.857142857143,0,。,0,2.738414351851852,213174.4,10,1,0.8537549407114624,8.565217391304348
737236270,1677115800,1017184533,countif(s)单(多)条件计数-Excel函数入门到实战制作自动化报表模板之(六),1676905689,1676905689,202,职业职场,10,3,0,10,0,19,0,0,276,1,0,3.0,0.0,0.0,12.0,19.0,0.0,0.0,297.0,5.0,91511.0,579.0,2457.20725388601,67.67012089810017,1,。,0,2.431840277777778,5873.2,0,0,0.0,0.0
737282572,1677112574,1019616551,你还在找背景音乐吗？这64首自带流量的BGM，赶快拿去吧，已经帮你分类好了,1677032920,1677032921,80,职业职场,3,0,0,7,0,4,0,0,57,1,0,0.0,0.0,0.0,7.0,5.0,0.0,0.0,83.0,5.0,32034.0,317.0,5558.132492113565,225.10094637223975,0,？,0,0.9219212962962963,49400.333333333336,0,0,0.0,0.0
737293030,1677112054,1018450906,公务员职务职级并行后，任职年限已经足够了，为什么迟迟没得晋升？,1677050940,1676964928,115,职业职场,7,0,0,7,0,21,0,0,979,1,0,0.0,0.0,0.0,7.0,25.0,0.0,0.0,1100.0,4.0,39704.0,148.0,19574.364864864863,643.4459459459459,0,？,0,0.7073379629629629,22551.85714285714,0,0,0.0,0.0
737306750,1677111166,1020672659,跟强哥学人情世故#狂飙 #,1677076049,1677076049,62,职业职场,11,4,0,27,0,51,0,8,1685,1,0,7.0,0.0,0.0,48.0,82.0,0.0,12.0,2357.0,6.0,354088.0,244.0,324807.65573770495,13214.860655737704,0,。,0,0.40644675925925927,19895.090909090908,0,0,0.0,0.0
737308987,1677114007,1018658927,“为什么相信我”，还有什么比实战成绩更有说服力呢？———花生十三实战成绩汇总,1676973487,1676973487,240,职业职场,8,149,54,223,0,796,314,335,43576,1,0,176.0,60.0,0.0,275.0,891.0,352.0,372.0,53671.0,6.0,853311.0,120.0,113807.0,1958.1166666666666,0,？,0,1.6263888888888889,7077.625,6,6,1.0060975609756098,7.2560975609756095
737311782,1677112225,1019624806,开除事业编制有多难,1677042780,1677033837,71,职业职场,4,4,0,37,0,44,7,7,1178,1,0,4.0,0.0,0.0,41.0,46.0,7.0,12.0,1320.0,3.0,30113.0,213.0,5676.591549295775,320.0469483568075,1,。,0,0.8037615740740741,35245.5,0,0,1.6666666666666667,0.0
737335673,1677111690,1019590287,12颗米其林的中式餐饮创始人有这三个特质,1677060000,1677030816,175,职业职场,7,2,1,2,0,14,6,0,357,1,0,4.0,1.0,0.0,4.0,18.0,6.0,0.0,462.0,5.0,65308.0,149.0,33200.30201342282,1130.758389261745,0,。,0,0.5982638888888889,20074.571428571428,0,0,0.2,0.8
737365690,1677111212,1020626479,一等奖！初中英语优质无生试讲示范！超赞！导入及教学设计非常值得学习！,1677074195,1677074196,1158,职业职场,7,0,0,9,0,4,0,0,320,1,0,2.0,0.0,0.0,20.0,9.0,0.0,0.0,626.0,4.0,30520.0,168.0,6877.339285714285,213.9702380952381,1,！,0,0.4284375,0.42857142857142855,0,0,0.0,0.0
779401039,1677121971,1009037840,《县委大院》不真实的5个场面,1676639160,1676462199,98,职业职场,4,8,1,11,0,63,9,3,1279,1,0,8.0,1.0,0.0,13.0,65.0,9.0,3.0,1328.0,4.0,39704.0,148.0,19574.364864864863,643.4459459459459,1,。,0,5.588090277777778,22027.5,0,0,0.8333333333333334,1.5
779438156,1677120503,1010190097,《狂飙》张颂文一句话，缓解了我的焦虑,1676717100,1676519879,185,职业职场,5,289,15,1166,0,2569,30,228,34426,1,0,304.0,15.0,0.0,1229.0,2678.0,33.0,247.0,35878.0,5.0,111784.0,141.0,57971.624113475176,4454.560283687943,0,。,0,4.669016203703704,8029.2,0,0,0.30434782608695654,10.521739130434783
779495357,1677123485,1011543904,每日即兴英文演讲Who do you admire the most? Why?,1676594070,1676594070,187,职业职场,6,18,1,3,0,51,22,2,485,1,0,18.0,1.0,0.0,3.0,53.0,22.0,2.0,504.0,5.0,30289.0,455.0,1832.8087912087913,61.738461538461536,1,。,0,6.127488425925926,191833.5,11,11,1.0,1.0909090909090908
779500470,1677120501,1013423651,35岁的人失踪了？不，他们还在！,1676717100,1676694988,277,职业职场,4,80,11,680,0,2120,94,130,35427,1,0,88.0,16.0,0.0,800.0,2417.0,107.0,150.0,40574.0,6.0,138524.0,79.0,83065.64556962025,6592.367088607595,0,？,0,4.668993055555555,31659.75,0,0,1.3488372093023255,17.441860465116278
779589598,1677121810,1011733423,这些行为说明同事正在试探你,1676643300,1676605744,73,职业职场,3,7,0,75,0,145,5,4,4514,1,0,7.0,0.0,0.0,75.0,148.0,5.0,4.0,4610.0,3.0,30113.0,213.0,5676.591549295775,320.0469483568075,1,。,0,5.5383101851851855,46990.333333333336,0,0,1.0,2.0
779629435,1677115909,1017051198,OpenGL实例教程2023：04-1着色器概述,1676900400,1676898749,1707,职业职场,3,6,0,13,0,32,2,0,509,1,0,6.0,0.0,0.0,15.0,32.0,2.0,0.0,564.0,6.0,32776.0,22.0,69433.22727272728,1688.8636363636363,1,。,0,2.49431712962963,99590.0,0,0,0.0,1.5
779680418,1677113404,1018082688,为什么你的手淘推荐流量，转化率那么低？,1676986200,1676947823,185,职业职场,10,8,0,12,0,33,3,2,1284,1,0,8.0,0.0,0.0,13.0,36.0,3.0,2.0,1435.0,5.0,55383.0,500.0,5455.296,117.466,1,？,0,1.4722685185185185,172.4,1,0,0.5,0.0
779705213,1677115041,1018180322,【闲聊】游戏开发来谈谈高中有辍学做游戏的必要吗,1676953500,1676953500,325,职业职场,7,1556,272,1020,0,7330,539,445,102333,1,0,1666.0,300.0,0.0,1119.0,7927.0,563.0,480.0,113715.0,6.0,1116867.0,70.0,840861.7142857143,58312.171428571426,1,。,0,1.8696875,251612.42857142858,3,5,0.8571428571428571,25.114906832298136
779717047,1677115573,1017942748,每日即兴英文演讲What is your dream job?,1676939685,1676939686,189,职业职场,6,25,1,11,0,46,6,4,597,1,0,25.0,1.0,0.0,12.0,52.0,6.0,4.0,737.0,5.0,30289.0,455.0,1832.8087912087913,61.738461538461536,1,。,0,2.035740740740741,191833.5,0,0,0.0,0.5
779718305,1677115531,1017969587,初级会计职称题库每日刷一题|对啊网名师 经济法基础内容,1676941544,1676941545,81,职业职场,10,1,2,2,0,21,1,4,351,1,0,1.0,2.0,0.0,2.0,22.0,1.0,4.0,366.0,6.0,1006055.0,937.0,46466.3628601921,764.2027748132338,1,。,0,2.013738425925926,151.2,0,0,0.0,0.0
779733484,1677118289,1015705096,Excel多数据统计重复次数,1676806559,1676806559,73,职业职场,6,2,0,17,0,21,0,0,194,1,0,2.0,0.0,0.0,17.0,21.0,0.0,0.0,205.0,4.0,63446.0,891.0,2463.038159371493,89.97979797979798,0,。,0,3.607986111111111,1472.0,0,0,0.0,0.0
779735233,1677113844,1018355583,23年找运营工作不想被坑？这4类垃圾公司千万别去,1676976000,1676963230,303,职业职场,10,3,8,35,0,42,2,5,757,1,0,3.0,10.0,0.0,47.0,51.0,3.0,6.0,1014.0,6.0,65885.0,174.0,16430.994252873563,523.0689655172414,1,？,0,1.5954166666666667,38242.4,0,1,0.0,1.0
779769160,1677111348,1020490061,储能丨光伏发电丨新能源丨大型储能电站讲解丨光伏发电设计丨王老师,1677069403,1677069404,1283,职业职场,11,1,0,8,0,3,0,0,61,1,0,1.0,0.0,0.0,11.0,4.0,0.0,0.0,132.0,4.0,53623.0,513.0,958.187134502924,27.058479532163744,1,。,0,0.485474537037037,58.27272727272727,0,0,0.0,0.0
779812810,1677113854,1018298383,旧的学历观念，已经不适合新的你了～,1676975633,1676975634,164,职业职场,5,98,48,401,0,1355,64,77,18469,1,0,120.0,62.0,0.0,572.0,1833.0,107.0,107.0,25308.0,6.0,138524.0,79.0,83065.64556962025,6592.367088607595,0,。,0,1.5997800925925927,871.6,0,0,0.9166666666666666,30.333333333333332
779841231,1677113400,1018960452,五种小人领导，如何相处 #张燚伟 #智斗小人24策,1676986281,1676986281,166,职业职场,10,4,0,11,0,15,0,0,565,1,0,4.0,0.0,0.0,11.0,15.0,0.0,0.0,589.0,5.0,38329.0,723.0,6124.264177040111,167.64038727524203,1,。,0,1.4712847222222223,39596.9,0,0,0.0,0.0
779849542,1677111789,1019973254,团队要淘汰这三种人,1677058200,1677047829,99,职业职场,5,1,0,10,0,18,5,2,1013,1,0,1.0,0.0,0.0,13.0,23.0,7.0,4.0,1372.0,4.0,40093.0,895.0,3076.863687150838,115.21005586592179,0,。,0,0.6202430555555556,74772.4,0,0,0.5,0.0
821848167,1677116402,1006251005,02.20遴选申论 | 彻底解决1.对策太空、不具体2.做题没思路思路的问题！！,1676887200,1676287547,651,职业职场,6,23,9,56,0,75,14,9,2370,1,0,23.0,9.0,0.0,56.0,81.0,14.0,10.0,2738.0,5.0,63105.0,269.0,6939.085501858736,210.60594795539035,0,！,0,2.6528009259259258,5766.666666666667,5,0,0.75,0.25
822007778,1677119797,1014943035,【对啊网】Excel小技巧——Text的用法（一）,1676773558,1676773558,131,职业职场,10,1,0,5,0,14,0,1,1219,1,0,1.0,0.0,0.0,5.0,14.0,0.0,1.0,1222.0,6.0,1006055.0,937.0,46466.3628601921,764.2027748132338,1,。,0,4.007395833333334,514.2,0,0,0.0,0.0
822027374,1677120577,1013949497,面试搞懂「面试五要素」，你就是面试官的“梦中情人”！,1676714458,1676714458,149,职业职场,11,18,0,83,0,114,2,5,1559,1,0,18.0,0.0,0.0,92.0,119.0,2.0,5.0,1692.0,6.0,210667.0,354.0,35247.627118644064,1114.8898305084747,1,！,0,4.700451388888889,20722.0,0,0,0.0,0.0
822044888,1677123257,1011677552,体制内什么人提拔得比较快？,1676601461,1676601461,159,职业职场,6,2,2,28,0,195,49,15,6447,1,0,2.0,2.0,0.0,28.0,199.0,51.0,15.0,6583.0,6.0,1574166.0,53.0,1565322.7547169812,51389.49056603773,1,？,0,6.039305555555556,7104.166666666667,0,0,0.9285714285714286,8.321428571428571
822049689,1677122262,1012347292,一排文字快速转为一列，必须还得是Excel转置粘贴！！,1676630685,1676630685,61,职业职场,7,1,1,21,0,113,3,3,1203,1,0,1.0,1.0,0.0,21.0,113.0,3.0,3.0,1216.0,6.0,559277.0,209.0,186487.07655502393,7395.100478468899,0,！,0,5.689548611111111,18977.85714285714,0,0,0.0,0.0
822063768,1677120717,1012193611,饭局上有人当众夸你怎么接话,1676711100,1676625465,145,职业职场,3,866,152,6198,0,7081,293,464,136250,1,0,878.0,155.0,0.0,6291.0,7161.0,296.0,473.0,138399.0,3.0,30113.0,213.0,5676.591549295775,320.0469483568075,1,。,0,4.7409375,46990.333333333336,0,0,0.708994708994709,13.275132275132275
822080633,1677122903,1011764295,vlookup函数常见的错误-Excel函数入门到实战制作自动化报表模板之(三),1676612738,1676612738,477,职业职场,9,3,0,16,0,21,2,1,331,1,0,3.0,0.0,0.0,17.0,21.0,2.0,1.0,356.0,5.0,91511.0,579.0,2457.20725388601,67.67012089810017,1,。,0,5.9046875,701.5555555555555,1,1,1.0,2.0
822109199,1677121541,1012326265,老板管理者让自己格局变大的唯一方式就是学习,1676679300,1676629212,152,职业职场,10,0,0,12,0,28,2,5,896,1,0,0.0,0.0,0.0,13.0,30.0,2.0,6.0,975.0,4.0,40093.0,895.0,3076.863687150838,115.21005586592179,0,。,0,5.118530092592593,13565.3,0,0,0.0,0.5
822128400,1677116600,1016841495,有个人英勇救人，严重负伤，单位为其组织了一场募捐活动，在募捐现场来的人很多，但是真正捐款的人不多。请你针对这种境况，做一个现场演讲？,1676883840,1676875095,185,职业职场,1,2,0,2,0,10,0,0,161,1,0,2.0,0.0,0.0,2.0,10.0,0.0,0.0,163.0,4.0,38380.0,585.0,3430.931623931624,94.64102564102564,0,？,0,2.6939814814814813,1036.0,0,0,0.0,0.0
822137995,1677116111,1017341919,真正需要提防的，是传话人。,1676896211,1676896211,73,职业职场,4,8,2,56,0,100,5,4,1238,1,0,8.0,2.0,0.0,65.0,113.0,6.0,5.0,1357.0,4.0,30053.0,316.0,9292.487341772152,549.0696202531645,0,。,0,2.545138888888889,25819.5,0,0,0.0,1.6
822171732,1677114110,1018345594,管理层如何避免自己被裁,1676971800,1676960472,114,职业职场,6,0,0,20,0,27,1,4,996,1,0,0.0,0.0,0.0,23.0,32.0,1.0,5.0,1209.0,4.0,40093.0,895.0,3076.863687150838,115.21005586592179,0,。,0,1.6471064814814815,22188.833333333332,0,0,0.0,4.0
822192879,1677115088,1018185362,粉笔选B，华图选C，猫哥选D，你选哪个？,1676952637,1676952638,186,职业职场,1,0,0,0,0,12,17,3,862,1,0,1.0,0.0,0.0,1.0,14.0,18.0,3.0,952.0,6.0,61882.0,328.0,8114.731707317073,177.8810975609756,0,？,0,1.8802199074074073,4953.0,2,0,0.21428571428571427,0.2857142857142857
822202162,1677118699,1015643750,120-职场中溜须拍马的人都是谄上欺下的，要和他保持距离。,1676803929,1676803929,72,职业职场,6,2,1,84,0,286,6,33,11004,1,0,3.0,5.0,0.0,145.0,422.0,7.0,47.0,13978.0,5.0,77043.0,145.0,50829.855172413794,2184.6758620689657,1,。,0,3.643171296296296,21133.333333333332,0,0,0.6666666666666666,4.333333333333333
822207296,1677116263,1016544647,为啥领导冷落你原因在这,1676891700,1676861359,86,职业职场,3,0,0,23,0,36,3,4,1066,1,0,0.0,0.0,0.0,25.0,39.0,3.0,6.0,1160.0,3.0,30113.0,213.0,5676.591549295775,320.0469483568075,1,。,0,2.599108796296296,46990.333333333336,0,0,0.0,0.0
822213360,1677115555,1017964157,【对啊网】Excel小技巧——Text的用法（三）,1676941066,1676941066,83,职业职场,10,0,0,4,0,7,0,0,321,1,0,0.0,0.0,0.0,4.0,7.0,0.0,0.0,344.0,6.0,1006055.0,937.0,46466.3628601921,764.2027748132338,1,。,0,2.019548611111111,514.2,0,0,0.0,0.0
822213558,1677116797,1016443809,多报表链接，用Excel高级技能做数据汇报就是爽！,1676878200,1676856863,142,职业职场,5,14,0,178,0,53,5,6,1773,1,0,17.0,0.0,0.0,219.0,65.0,6.0,9.0,2225.0,5.0,53678.0,81.0,19723.58024691358,459.5432098765432,0,！,0,2.761539351851852,1185.6,2,0,1.5,0.0
822230348,1677118704,1015638452,116-公务员和国企该如何选择 给你一点建议。,1676803794,1676803794,86,职业职场,11,15,4,76,0,845,46,11,48721,1,0,15.0,4.0,0.0,83.0,883.0,49.0,12.0,51630.0,5.0,77043.0,145.0,50829.855172413794,2184.6758620689657,1,。,0,3.644791666666667,3674.6363636363635,0,0,4.25,11.916666666666666
822238328,1677116811,1016916507,有钱真的会更开心吗？,1676877695,1676877695,318,职业职场,7,2587,804,1978,0,10199,725,954,132732,1,0,2726.0,865.0,0.0,2165.0,10738.0,778.0,1030.0,148395.0,6.0,1026296.0,120.0,903796.4416666667,69518.44166666667,0,？,0,2.7675462962962962,66424.71428571429,0,3,0.4749498997995992,22.182364729458918
822243697,1677119256,1015415688,【公务员事业单位面试】我当面试考官经历,1676795021,1676795021,311,职业职场,10,597,296,1625,0,2019,139,197,33280,1,0,699.0,309.0,0.0,1951.0,2384.0,183.0,227.0,39309.0,5.0,81135.0,64.0,17248.46875,820.984375,1,。,0,3.7527199074074074,13661.1,50,43,1.4642857142857142,7.303571428571429
822246970,1677116325,1016544895,陕西事业单位联考笔试—和差倍比问题,1676889780,1676861254,281,职业职场,9,0,0,0,0,6,0,1,130,1,0,0.0,0.0,0.0,0.0,6.0,0.0,1.0,136.0,4.0,34256.0,514.0,4294.599221789883,458.57587548638134,1,。,0,2.622048611111111,37307.444444444445,0,0,0.0,0.0
822249209,1677114255,1018367153,多文字PPT原来可以这么解决吗？！【PPT改稿】,1676969100,1676961615,183,职业职场,10,6,19,20,0,50,3,4,1928,1,0,6.0,19.0,0.0,20.0,54.0,3.0,4.0,2061.0,6.0,442636.0,212.0,39049.8537735849,1522.5330188679245,1,？,0,1.6800347222222223,188757.3,0,0,0.0,0.6666666666666666
822305756,1677111958,1019633988,女人不管在哪里上班也要记住这8个道理,1677054000,1677034132,77,职业职场,3,0,0,14,0,20,1,2,489,1,0,6.0,0.0,0.0,19.0,24.0,1.0,5.0,688.0,3.0,30113.0,213.0,5676.591549295775,320.0469483568075,1,。,0,0.6708101851851852,46990.333333333336,0,0,0.0,0.0
822309831,1677111533,1020184463,异地初中女教师，月薪4600，工作辛苦经常被PUA,1677063601,1677057712,224,职业职场,11,24,5,16,0,142,49,8,4599,1,0,31.0,7.0,0.0,24.0,198.0,69.0,14.0,6936.0,6.0,87527.0,228.0,55448.90350877193,1314.9298245614036,1,。,0,0.5547685185185185,665.0,0,0,1.6363636363636365,5.909090909090909
822327450,1677113779,1018714514,发财小电容！这种故障来多少干多少。显示屏不亮，轻松搞定！,1676977933,1676977933,374,职业职场,4,1,0,6,0,20,3,0,307,1,0,1.0,0.0,0.0,7.0,24.0,4.0,0.0,374.0,5.0,64712.0,457.0,6410.792122538293,345.2144420131291,1,！,0,1.5722916666666666,40.25,1,0,0.5,0.0
864440476,1677122186,1008666504,应届生：第一次工作面试的7个技巧【职场导师Don】,1676632920,1676445493,1163,职业职场,11,2,2,16,0,30,1,2,211,1,0,2.0,2.0,0.0,17.0,30.0,1.0,2.0,229.0,4.0,30254.0,105.0,6946.895238095238,221.1809523809524,1,。,0,5.662800925925926,24939.0,0,0,0.0,1.0
864492906,1677120223,1009131457,春晚小品《坑》里郝主任，如果在现实中，会被开除吗,1676727600,1676462597,148,职业职场,5,8,2,9,0,70,3,0,1636,1,0,8.0,2.0,0.0,9.0,71.0,3.0,0.0,1675.0,4.0,39704.0,148.0,19574.364864864863,643.4459459459459,1,。,0,4.544247685185185,10745.2,0,0,0.0,3.3333333333333335
864520504,1677118243,1015030498,职场生存指南：打工人不想被卷了！同事假装加班我被骂了？？？,1676809200,1676777824,158,职业职场,10,29,18,71,0,327,19,55,14421,1,0,31.0,18.0,0.0,72.0,342.0,23.0,61.0,15506.0,5.0,115617.0,186.0,38950.62903225807,1132.9247311827958,0,？,0,3.576886574074074,12952.8,0,0,0.5384615384615384,11.846153846153847
864558581,1677122971,1011690533,在单位如何保护好自己,1676609400,1676602623,160,职业职场,3,4,0,93,0,128,1,17,1863,1,0,9.0,0.0,0.0,101.0,137.0,1.0,18.0,2016.0,3.0,30113.0,213.0,5676.591549295775,320.0469483568075,1,。,0,5.944108796296296,46990.333333333336,0,0,0.0,0.0
864566308,1677121867,1012626090,在体制内，升官的性价比，到底有多高？,1676641790,1676641790,283,职业职场,11,8,1,38,0,83,0,6,1343,1,0,8.0,1.0,0.0,38.0,83.0,0.0,6.0,1381.0,6.0,94451.0,263.0,117574.01901140684,4279.836501901141,0,？,0,5.556446759259259,35970.90909090909,0,0,0.0,0.0
864566960,1677118152,1013898513,在单位怎么判断周围的人 是敌还是友呢,1676812980,1676712626,98,职业职场,3,3,4,92,0,181,6,8,3641,1,0,3.0,4.0,0.0,99.0,192.0,6.0,10.0,4002.0,3.0,30113.0,213.0,5676.591549295775,320.0469483568075,1,。,0,3.5320833333333335,46990.333333333336,0,0,0.0,0.6
864581802,1677120587,1012131415,普通人如何练习大佬气场,1676714400,1676621478,281,职业职场,7,80,6,140,0,234,9,16,3730,1,0,83.0,6.0,0.0,160.0,257.0,10.0,17.0,4317.0,5.0,65308.0,149.0,33200.30201342282,1130.758389261745,0,。,0,4.701238425925926,252125.2857142857,0,3,0.0,1.0
864594876,1677120163,1014332294,Excel分段式绩效如何计算奖金,1676730178,1676730178,306,职业职场,4,16,0,78,0,124,3,4,1197,1,0,16.0,0.0,0.0,83.0,126.0,3.0,5.0,1237.0,6.0,339679.0,772.0,16208.34585492228,831.4481865284974,0,。,0,4.513715277777778,942.0,0,0,0.0,0.3333333333333333
864630599,1677116628,1015309447,省考87的申论学法，真想申论写的好，需要怎么学，申论慢成视频。,1676883503,1676790331,401,职业职场,5,60,2,295,0,188,45,21,6260,1,0,64.0,4.0,0.0,328.0,209.0,54.0,26.0,7070.0,6.0,194390.0,329.0,37202.74164133739,1099.9392097264438,0,。,0,2.6982060185185186,7896.8,0,9,0.45161290322580644,2.838709677419355
864685511,1677116339,1017177717,辛莱德也有吃瘪的时候哦，一招合并单元格填序号~,1676889048,1676889048,97,职业职场,6,10,0,52,0,157,1,9,2436,1,0,10.0,0.0,0.0,54.0,161.0,1.0,9.0,2481.0,6.0,559277.0,209.0,186487.07655502393,7395.100478468899,0,。,0,2.63068287037037,21802.0,0,0,0.0,1.0
864712101,1677116176,1016731099,做到这十点，就可以迈向人生巅峰,1676894400,1676872352,72,职业职场,6,12,0,25,0,80,0,2,1569,1,0,12.0,0.0,0.0,29.0,87.0,0.0,2.0,1632.0,6.0,101287.0,163.0,31412.20245398773,2951.6134969325153,1,。,0,2.566851851851852,49.666666666666664,0,0,0.0,0.0
864731466,1677114632,1017977613,领导交给你和小王一项任务，你将自己负责的部分完成后交给了小王，小王完成后直接交给了领导，但是他负责的部分有错误，领导问小王情况，小王说是你弄错的，领导因此批评了,1676967000,1676942097,137,职业职场,2,0,0,1,0,6,1,1,322,1,0,0.0,0.0,0.0,2.0,6.0,1.0,1.0,343.0,4.0,38380.0,585.0,3430.931623931624,94.64102564102564,0,。,0,1.7087037037037036,48328.5,0,0,0.0,0.0
864739693,1677116576,1017070169,在单位，如何与这些人好好相处？,1676884638,1676884638,80,职业职场,11,2,3,43,0,145,3,4,6355,1,0,6.0,3.0,0.0,76.0,289.0,10.0,6.0,20480.0,6.0,354088.0,244.0,324807.65573770495,13214.860655737704,0,？,0,2.6844675925925925,9726.90909090909,0,0,0.3333333333333333,1.0
864847964,1677111483,1020425701,单if条件判断-Excel函数入门到实战制作自动化报表模板)之(七),1677065994,1677065994,208,职业职场,11,2,0,9,0,10,2,0,148,1,0,4.0,0.0,0.0,12.0,16.0,2.0,1.0,229.0,5.0,91511.0,579.0,2457.20725388601,67.67012089810017,1,。,0,0.5264930555555556,31618.454545454544,1,1,1.0,1.0
864865746,1677111175,1020640452,【监理】2023监理工程师-水利案例-全书重点-王欣（吕桂军李子豪）,1677075578,1677075578,380,职业职场,3,0,0,1,0,4,1,0,146,1,0,0.0,0.0,0.0,0.0,5.0,1.0,0.0,216.0,5.0,201314.0,318.0,20752.87106918239,168.625786163522,1,。,0,0.4120023148148148,120.33333333333333,0,0,0.0,0.0
906896174,1677124599,1010781010,2023年淘系补单还有用吗？,1676544644,1676544644,68,职业职场,8,4,0,6,0,25,5,3,2046,1,0,4.0,0.0,0.0,6.0,25.0,6.0,3.0,2108.0,6.0,39224.0,301.0,8999.019933554817,433.9468438538206,0,？,0,6.71244212962963,3019.0,0,0,0.6666666666666666,1.0
906920478,1677120344,1010323244,【底稿篇】20 应付职工薪酬 新人第一年必做科目 相关程序及注意事项（上）,1676723704,1676525666,487,职业职场,10,43,18,83,0,91,7,8,2062,1,0,43.0,19.0,0.0,90.0,93.0,7.0,8.0,2281.0,6.0,65074.0,171.0,12914.397660818713,488.8187134502924,1,。,0,4.590740740740741,167581.2,0,4,0.0,1.6
907025284,1677118746,1012350157,你的老板会唠唠叨叨给你讲大道理吗,1676802000,1676630170,62,职业职场,8,0,0,6,0,20,0,1,555,1,0,0.0,0.0,0.0,10.0,24.0,0.0,1.0,639.0,4.0,40093.0,895.0,3076.863687150838,115.21005586592179,0,。,0,3.6660416666666666,16945.875,0,0,0.0,0.0
907040546,1677118146,1012355559,实现财富自由后亚洲首富的公司也挖不到我,1676813100,1676630406,120,职业职场,10,8,2,39,0,162,6,7,6780,1,0,8.0,2.0,0.0,62.0,231.0,9.0,8.0,10446.0,4.0,40093.0,895.0,3076.863687150838,115.21005586592179,0,。,0,3.530625,38809.7,0,0,0.0,0.6666666666666666
907143233,1677116499,1016853803,一到下班就开会，怎么让老板闭嘴？！,1676886000,1676876234,273,职业职场,10,31,22,153,0,336,33,61,14035,1,0,31.0,26.0,0.0,162.0,351.0,35.0,73.0,15834.0,5.0,115617.0,186.0,38950.62903225807,1132.9247311827958,0,？,0,2.6678125,12982.1,0,0,1.0526315789473684,8.526315789473685
907233161,1677116482,1017078902,23年二建机电精讲片段，导管保护导体，3D动画讲解,1676886138,1676886138,122,职业职场,9,14,0,25,0,40,12,4,1961,1,0,18.0,0.0,0.0,32.0,50.0,12.0,5.0,2225.0,5.0,43230.0,50.0,29581.6,812.0,0,。,0,2.6660185185185186,490.55555555555554,4,0,0.7142857142857143,0.0
907261237,1677111289,1019998313,女人任何时候都不要放弃工作！,1677071700,1677048566,182,职业职场,10,0,1,7,0,11,0,4,604,1,0,0.0,1.0,0.0,7.0,12.0,0.0,6.0,855.0,4.0,40093.0,895.0,3076.863687150838,115.21005586592179,0,！,0,0.4582060185185185,189710.8,0,0,0.0,0.0
907261469,1677111658,1020294072,表格内文字如何快速标注拼音...不！是单独列出拼音~,1677060608,1677060608,78,职业职场,7,0,1,24,0,96,5,0,951,1,0,0.0,1.0,0.0,25.0,111.0,5.0,0.0,1134.0,6.0,559277.0,209.0,186487.07655502393,7395.100478468899,0,！,0,0.5908564814814815,18155.285714285714,1,1,0.3333333333333333,1.0
907261750,1677110978,1021134798,辞去教师全职做自媒体，我头脑很清醒,1677110366,1677110366,283,职业职场,4,10,0,3,0,42,4,0,612,1,0,140.0,8.0,0.0,129.0,1220.0,88.0,21.0,39971.0,6.0,445124.0,167.0,112370.8263473054,3537.88622754491,1,。,0,0.007083333333333333,409361.5,0,0,0.0,0.5
907312093,1677112206,1019871934,中央一号文件极致高效讲解（公务员事业单位考试通用，有讲义附赠）,1677043804,1677043804,1546,职业职场,10,259,23,1300,0,561,22,145,12871,1,0,415.0,67.0,0.0,2497.0,1065.0,27.0,290.0,25894.0,6.0,145502.0,73.0,47348.75342465754,1476.9041095890411,1,。,0,0.7916898148148148,1513.3,0,0,0.4666666666666667,1.6666666666666667
907319074,1677112705,1019540008,每日即兴英文演讲Researchers have found that spending money on others makes you happier,1677028039,1677028039,190,职业职场,7,4,0,7,0,31,2,1,383,1,0,9.0,0.0,0.0,7.0,41.0,2.0,2.0,492.0,5.0,30289.0,455.0,1832.8087912087913,61.738461538461536,1,。,0,0.9799305555555555,398095.28571428574,0,0,0.0,0.0
907327567,1677113452,1018932261,在门口单联开关上加一个插座，不砸墙不加管，只需换两根电线就行,1676985335,1676985335,150,职业职场,7,3,1,10,0,48,1,1,1058,1,0,3.0,1.0,0.0,11.0,49.0,1.0,1.0,1095.0,5.0,35297.0,530.0,7251.9452830188675,163.56037735849057,1,。,0,1.4828356481481482,5875.285714285715,0,0,0.0,0.0
907352326,1677111204,1018539150,20岁的阶段性要务,1677074400,1676968427,247,职业职场,6,49,3,339,0,215,30,18,4327,1,0,162.0,6.0,0.0,1715.0,777.0,117.0,80.0,19813.0,6.0,37235.0,337.0,4955.231454005935,250.7507418397626,0,。,0,0.4259722222222222,273457.8333333333,0,0,0.30434782608695654,3.739130434782609
907361473,1677111947,1019962981,正确率18%的23浙江省考真题,1677054300,1677047088,278,职业职场,10,2,3,11,0,22,2,1,1257,1,0,2.0,3.0,0.0,18.0,28.0,4.0,4.0,1623.0,5.0,76419.0,51.0,92167.90196078431,3001.627450980392,1,。,0,0.6672106481481481,4061.2,0,0,1.0,1.0
907362612,1677112749,1019512234,ps混和器画笔详解,1677025809,1677025809,161,职业职场,6,9,1,23,0,52,0,1,1074,1,0,10.0,2.0,0.0,32.0,59.0,0.0,3.0,1182.0,4.0,43613.0,44.0,26614.840909090908,2789.9772727272725,0,。,0,1.00625,75102.66666666667,0,0,0.0,0.0
907367362,1677111432,1020276244,什么是让面试官乖乖束手就擒的谈薪话术？打工人一定要收藏！,1677067200,1677059901,158,职业职场,10,6,0,56,0,73,11,5,2401,1,0,8.0,2.0,0.0,109.0,120.0,14.0,7.0,4254.0,6.0,210667.0,354.0,35247.627118644064,1114.8898305084747,1,？,0,0.5119444444444444,23689.2,0,0,0.375,2.25
949440774,1677123444,1011578991,初级会计职称题库每日刷一题|对啊网名师 固定资产的入账价值,1676596515,1676596515,177,职业职场,10,3,3,2,0,13,1,1,397,1,0,3.0,3.0,0.0,2.0,13.0,1.0,1.0,398.0,6.0,1006055.0,937.0,46466.3628601921,764.2027748132338,1,。,0,6.098715277777778,76.8,0,0,0.0,0.0
949603008,1677121756,1012739957,Excel简易横道图制作案例,1676645908,1676645908,172,职业职场,5,26,0,56,0,141,6,6,1157,1,0,26.0,0.0,0.0,56.0,142.0,6.0,6.0,1170.0,6.0,339679.0,772.0,16208.34585492228,831.4481865284974,0,。,0,5.5075,26057.8,0,0,0.0,0.16666666666666666
949608286,1677121865,1012633058,体制内必备技能写材料！央企笔杆子分享如何提升写材料能力,1676641823,1676641824,271,职业职场,5,11,0,89,0,46,2,4,1337,1,0,11.0,0.0,0.0,112.0,51.0,2.0,7.0,1448.0,6.0,68861.0,181.0,22368.762430939227,821.7955801104972,0,！,0,5.556041666666666,315.6,1,0,1.0,5.0
949627011,1677114304,1018094055,领导提拔一个人看的不是努力也不是结果,1676967600,1676950434,307,职业职场,3,69,5,355,0,432,22,117,12370,1,0,76.0,7.0,0.0,389.0,470.0,23.0,131.0,13749.0,3.0,30113.0,213.0,5676.591549295775,320.0469483568075,1,。,0,1.697962962962963,46990.333333333336,0,0,1.0833333333333333,3.5
949648349,1677113630,1017407155,就业老师：面试被问”职业规划”，高分答案送上！所有岗位可用！,1676980800,1676900149,144,职业职场,8,68,63,353,0,265,20,10,3429,1,0,95.0,79.0,0.0,560.0,360.0,22.0,16.0,5008.0,6.0,33837.0,53.0,56831.339622641506,3209.5471698113206,1,！,0,1.5373842592592593,13784.125,7,2,1.2222222222222223,4.333333333333333
949694390,1677116776,1016929987,想电商创业做广州沙河女装，但是不知道如何规划，我来简单告诉你,1676879205,1676879205,811,职业职场,10,6,0,8,0,23,4,1,679,1,0,8.0,0.0,0.0,10.0,24.0,4.0,1.0,796.0,6.0,47613.0,208.0,7120.5625,272.9807692307692,1,。,0,2.7496643518518518,40.4,2,2,1.0,2.0
949705896,1677115984,1017135802,我在职业生涯最狂的时候被教训了,1676899200,1676887522,301,职业职场,7,10,3,67,0,257,4,22,5898,1,0,16.0,3.0,0.0,89.0,321.0,7.0,32.0,7999.0,4.0,40093.0,895.0,3076.863687150838,115.21005586592179,0,。,0,2.509074074074074,18489.428571428572,0,0,0.0,4.75
949706244,1677114786,1018083852,想做领导先学会这四个驭人手段,1676961840,1676948531,139,职业职场,3,10,0,69,0,61,1,13,1058,1,0,10.0,0.0,0.0,87.0,73.0,2.0,17.0,1402.0,3.0,30113.0,213.0,5676.591549295775,320.0469483568075,0,。,0,1.7702083333333334,46990.333333333336,0,0,0.0,0.0
949736118,1677115908,1016529185,发现领导和同事偷情怎么办,1676900400,1676860668,86,职业职场,3,0,0,12,0,50,8,10,1095,1,0,0.0,0.0,0.0,12.0,52.0,8.0,10.0,1205.0,3.0,30113.0,213.0,5676.591549295775,320.0469483568075,1,。,0,2.4943055555555556,46990.333333333336,0,1,0.0,1.0
949739457,1677113488,1017437776,Excel技巧：随机数公式，生成指定范围的数据,1676984400,1676900566,185,职业职场,3,24,0,76,0,230,3,5,2807,1,0,25.0,0.0,0.0,79.0,238.0,3.0,5.0,2962.0,6.0,1417668.0,479.0,14741.106471816283,534.1920668058455,0,。,0,1.494074074074074,756.3333333333334,0,0,0.5,0.0
949739883,1677117494,1016429203,初级会计职称题库每日刷一题|对啊网名师 所有者权益,1676855852,1676855852,160,职业职场,10,1,0,4,0,16,1,0,170,1,0,1.0,0.0,0.0,4.0,16.0,1.0,0.0,177.0,6.0,1006055.0,937.0,46466.3628601921,764.2027748132338,1,。,0,3.028263888888889,76.8,0,0,0.0,0.0
949750215,1677111273,1019650028,一把手刚上任后是如何布局的,1677072300,1677033448,131,职业职场,3,1,0,20,0,42,0,2,745,1,0,8.0,0.0,0.0,65.0,107.0,1.0,9.0,2332.0,3.0,30113.0,213.0,5676.591549295775,320.0469483568075,1,。,0,0.4510763888888889,46990.333333333336,0,0,0.0,0.0
949753288,1677111504,1020409228,模仿只是第一步哦,1677065337,1677065337,62,职业职场,5,17,3,34,0,560,27,1,5861,1,0,79.0,15.0,0.0,657.0,6797.0,70.0,12.0,60452.0,5.0,148900.0,72.0,79121.54166666667,6711.5,0,。,0,0.5343402777777778,1612.8,0,3,0.42105263157894735,7.0
949837666,1677111254,1019707185,为什么很多电商博主喜欢讲技术？,1677072600,1677036485,197,职业职场,10,17,0,19,0,40,8,2,1053,1,0,19.0,0.0,0.0,39.0,62.0,14.0,3.0,1603.0,5.0,55383.0,500.0,5455.296,117.466,1,？,0,0.44738425925925923,172.4,2,0,0.6,0.6
949861100,1677113627,1018657713,用一个六边形，搞定你40岁前的所有工作选择问题,1676980800,1676974126,124,职业职场,10,6,0,53,0,76,6,4,1152,1,0,6.0,0.0,0.0,58.0,80.0,6.0,4.0,1280.0,6.0,210667.0,354.0,35247.627118644064,1114.8898305084747,1,。,0,1.5373495370370371,23055.3,0,0,0.25,2.25
949865435,1677113393,1018655336,学会做销售想穷都很难,1676986500,1676974028,151,职业职场,5,0,0,4,0,3,0,2,84,1,0,0.0,0.0,0.0,4.0,3.0,0.0,2.0,88.0,4.0,30798.0,282.0,11674.22340425532,570.322695035461,1,。,0,1.4686689814814815,27315.8,0,0,0.0,0.0
992028286,1677119917,1014606122,【资料分析】文字型材料如何读？先读材料再做题的作用在哪里？花多久时间读材料？,1676766600,1676743630,293,职业职场,8,32,0,60,0,79,7,5,1962,1,0,38.0,1.0,0.0,63.0,91.0,7.0,7.0,2341.0,6.0,33403.0,65.0,16180.753846153846,689.0923076923077,0,？,0,4.08931712962963,14242.125,0,0,0.0,0.2857142857142857
992063805,1677120417,1014071095,考研是思想懒惰者的无聊自救,1676720011,1676720011,675,职业职场,10,553,291,1036,0,2538,677,694,55491,1,0,633.0,312.0,0.0,1179.0,2943.0,730.0,815.0,62523.0,4.0,71322.0,21.0,109632.90476190476,9465.857142857143,0,。,0,4.634328703703703,215424.4,8,3,1.8320895522388059,10.735074626865671
992086142,1677120635,1012110395,夫妻吵架，妻子跳湖拒绝搭救，很多群众围观，有群众报了警，你赶到现场怎么处理？,1676713860,1676620667,131,职业职场,2,0,0,1,0,6,1,2,354,1,0,0.0,0.0,0.0,1.0,6.0,1.0,2.0,362.0,4.0,38380.0,585.0,3430.931623931624,94.64102564102564,0,？,0,4.708043981481482,1048.0,0,0,0.0,0.0
992095442,1677121143,1013208327,低学历如何通过找工作逆袭？面试上万人我总结了这3招！,1676693880,1676683773,94,职业职场,9,0,0,19,0,25,0,5,953,1,0,0.0,0.0,0.0,23.0,31.0,0.0,5.0,1150.0,4.0,34741.0,171.0,10848.672514619882,678.9649122807018,0,？,0,4.9451736111111115,25499.444444444445,0,0,0.0,0.0
992130578,1677116337,1017155654,公考热点：废弃核酸小屋“再就业”（上）,1676889291,1676889291,300,职业职场,10,21,1,211,0,131,17,21,5397,1,0,21.0,2.0,0.0,227.0,144.0,22.0,24.0,6111.0,5.0,35260.0,346.0,3586.5289017341042,78.64739884393063,0,。,0,2.627847222222222,4158.1,6,1,1.4285714285714286,3.7142857142857144
992165361,1677113487,1018102758,学会这个心理博弈术没人敢再欺负你,1676984400,1676954089,141,职业职场,3,4,0,55,0,76,3,9,1427,1,0,4.0,0.0,0.0,58.0,82.0,3.0,10.0,1632.0,3.0,30113.0,213.0,5676.591549295775,320.0469483568075,1,。,0,1.4940625,46990.333333333336,0,0,0.0,0.0
992190301,1677116195,1017286136,体制人必备！这个神仙网站的学习心得体会也写太好吧！,1676894381,1676894381,103,职业职场,7,22,0,137,0,54,3,10,581,1,0,39.0,0.0,0.0,188.0,72.0,4.0,20.0,781.0,6.0,68861.0,181.0,22368.762430939227,821.7955801104972,0,！,0,2.5672916666666667,10142.42857142857,1,0,0.5,1.5
992209069,1677111757,1017455048,"401-交越失真,推挽放大电路中对管交替工作中产生的失真",1677059100,1676900913,132,职业职场,6,0,0,2,0,17,1,0,355,1,0,0.0,0.0,0.0,2.0,23.0,2.0,0.0,453.0,5.0,31952.0,373.0,3728.55764075067,119.9088471849866,1,。,0,0.6094560185185185,95.33333333333333,0,0,0.0,0.0
992220265,1677116092,1019817652,从没有经验的小白-月入过万的线上汉语老师,1676896947,1676896947,169,职业职场,8,2,0,9,0,18,2,0,372,1,0,2.0,0.0,0.0,14.0,23.0,5.0,0.0,763.0,5.0,36002.0,146.0,8749.767123287671,215.513698630137,1,。,0,2.536400462962963,192.125,0,0,0.0,0.0
992224532,1677119229,1015461146,【法规】2023注安《通关考点》（高频考点）,1676796551,1676796551,76,职业职场,3,0,0,0,0,0,0,0,8,2,0,0.0,0.0,0.0,0.0,0.0,0.0,0.0,10.0,5.0,37237.0,839.0,3213.65673420739,24.799761620977353,1,。,0,3.734699074074074,313.6666666666667,0,0,0.0,0.0
992227111,1677117118,1016654994,内心不够强大 千万别考乡镇 考编不异地 异地不乡镇 是永远的真理,1676866646,1676866646,276,职业职场,7,33,14,88,0,297,98,35,12052,1,0,33.0,15.0,0.0,91.0,307.0,102.0,35.0,12904.0,6.0,78972.0,208.0,33543.245192307695,503.2980769230769,0,。,0,2.8989814814814814,5067.428571428572,10,0,1.564102564102564,4.9743589743589745
992227390,1677113625,1018372930,饭局上领导让你买单怎么回应？,1676980800,1676962149,74,职业职场,4,12,1,156,0,511,12,4,6455,1,0,24.0,2.0,0.0,221.0,673.0,14.0,7.0,8325.0,6.0,101287.0,163.0,31412.20245398773,2951.6134969325153,1,？,0,1.5373263888888888,51.75,0,0,0.7142857142857143,7.714285714285714
992238194,1677114860,1018321731,这题不会，说明你还没掌握鲁滨逊定理,1676959304,1676959304,175,职业职场,1,6,0,32,0,23,7,5,886,1,0,6.0,1.0,0.0,39.0,29.0,8.0,6.0,1060.0,6.0,61882.0,328.0,8114.731707317073,177.8810975609756,0,。,0,1.8004166666666668,4953.0,2,0,1.0,0.0
992260211,1677113523,1018888553,新老师在学校怎么才能过得幸福？（同事关系篇）,1676983774,1676983774,186,职业职场,11,70,4,116,0,326,26,23,5298,1,0,79.0,4.0,0.0,127.0,361.0,28.0,25.0,6441.0,6.0,118023.0,448.0,15883.24107142857,518.5178571428571,0,？,0,1.5017245370370371,10300.90909090909,0,0,0.875,7.875
992290912,1677111539,1019000030,我将在 24 小时内删除此视频...谁能看到它。或者……是你？,1677063600,1676993434,425,职业职场,11,8,1,30,0,67,0,13,1091,1,0,23.0,14.0,0.0,86.0,161.0,0.0,18.0,2845.0,5.0,48814.0,99.0,18075.21212121212,726.0,1,？,0,0.554849537037037,20421.636363636364,0,0,0.0,0.0
992312731,1677111681,1019819640,逼自己一个月找到工作！应届生春招技巧大全,1677060000,1677049383,99,职业职场,10,10,10,8,0,20,3,9,887,1,0,10.0,12.0,0.0,9.0,26.0,3.0,11.0,1042.0,5.0,30481.0,96.0,5287.8125,1542.9583333333333,1,！,0,0.5981597222222222,10462.9,0,0,0.0,1.0
992318010,1677113330,1019038427,近期写公文材料适用金句汇编，50句，word文件,1676989439,1676989439,187,职业职场,2,2,0,25,0,25,1,1,1264,1,0,2.0,0.0,0.0,27.0,29.0,1.0,1.0,1304.0,5.0,36913.0,312.0,5738.086538461538,112.88461538461539,1,。,0,1.433923611111111,0.0,0,0,0.0,0.0
992364506,1677114214,1018559741,出国打工拿身份？究竟什么是“身份”？拿到了我就是“外国人”了？基础知识讲解,1676969857,1676969857,218,职业职场,5,14,0,17,0,41,16,2,1061,1,0,14.0,0.0,0.0,20.0,47.0,19.0,2.0,1300.0,6.0,36178.0,323.0,40279.0866873065,3844.643962848297,0,？,0,1.670798611111111,823.8,4,2,1.125,2.25
992368480,1677111099,1020700401,真的要把人逼成这样吗,1677078840,1677078840,429,职业职场,7,8019,423,1212,0,9407,551,235,86291,1,0,23014.0,937.0,0.0,3469.0,27352.0,1082.0,889.0,309856.0,6.0,369324.0,378.0,171130.42857142858,6707.161375661376,1,。,0,0.3733680555555556,39402.71428571428,0,0,0.5171503957783641,30.337730870712402
