爬取时间,video_aid,标题,up_name,up_id,硬币数,弹幕数,点踩数,收藏数,点赞数,评论数,分享数,播放数
1677197379.0059574,907261750,辞去教师全职做自媒体？我头脑很清醒,苜蓿老师,23568088,140,8,0,129,1220,88,21,39971
1677197393.6557963,567061638,Creo/proe高尔夫球建模，建模技巧，结构设计，creo教程，proe教程，creo在线教学，一加一教育，佳言老师,Proe与Creo产品设计,370547437,0,0,0,11,13,0,0,643
1677197455.06292,479799567,没录取你，才是学校最大的损失！,建筑小食堂,434432409,39,90,0,23,183,32,44,2977
1677197478.3632543,436878215,2.16、靠学历分配的时代    早就过去了  醒醒吧！,恒洋底层思维,1453074675,1,1,0,106,139,30,17,2448
1677197499.6422777,992368480,真的要把人逼成这样吗,比例Billie,18741834,23014,937,0,3469,27352,1082,889,309856
1677197566.8740375,737306750,跟强哥学人情世故#狂飙 #,公务员干货,491307403,7,0,0,48,82,0,12,2357
1677197576.0804129,864865746,【监理】2023监理工程师-水利案例-全书重点-王欣（吕桂军李子豪）,工程一哥666,523437400,0,0,0,0,5,1,0,216
1677197592.1997774,479762165,Excel忽略空格和0求每个月平均销量,山竹Excel表格教学,670562659,5,0,0,51,111,6,5,932
1677197600.315259,224760759,ChatGPT：工作我都能干，做人还得您来,顾招招,289703995,14,7,0,20,56,4,7,551
1677197604.4092805,907352326,20岁的阶段性要务,飛鳥的日常记录,1366786686,162,6,0,1715,777,117,80,19813
1677197612.5116136,737365690,一等奖！初中英语优质无生试讲示范！超赞！导入及教学设计非常值得学习！,未来英语面试指导,505949610,2,0,0,20,9,0,0,626
1677197622.6423762,267368658,商场电路竣工验收，分闸压线只能一闸一回路，原来是这么回事,勇哥说水电,595286379,1,0,0,4,43,1,0,1047
1677197642.80139,479849120,写材料常用套路词汇编，word文件,职场学习小超人,650750845,2,0,0,28,13,1,9,1030
1677197654.9832957,949837666,为什么很多电商博主喜欢讲技术？,照顾酱,389838895,19,0,0,39,62,14,3,1603
1677197674.0893185,949750215,一把手刚上任后是如何布局的,易缘老师,691475389,8,0,0,65,107,1,9,2332
1677197689.22469,907261237,女人任何时候都不要放弃工作！,许林芳管理思维,1226380111,0,1,0,7,12,0,6,855
1677197702.6073244,224778098,Excel技巧：Xlookup再厉害，也没Vlookup组合Match公式强！,Excel自学成才,431886272,138,3,0,582,546,32,57,16528
1677197748.9261353,779769160,储能丨光伏发电丨新能源丨大型储能电站讲解丨光伏发电设计丨王老师,电气设计李老师,477343561,1,0,0,11,4,0,0,132
1677197805.190227,652329896,公文写作常用28类四字词汇编，537例，word文件,职场学习小超人,650750845,29,0,0,195,70,2,16,1374
1677197825.350456,224779284,假如我给客户写封信，哈哈哈哈哈,Morry唠唠叨叨,483104896,34,4,0,29,297,32,18,4354
1677197832.4603121,907367362,什么是让面试官乖乖束手就擒的谈薪话术？打工人一定要收藏！,马力在知群,543931674,8,2,0,109,120,14,7,4254
1677197849.617706,482299709,找工作谈薪，这3个环节很重要，90%人都搞错了！,职场教练Echo,1612114484,22,0,0,354,256,6,18,5914
1677197857.7119837,394841657,【旁门左道PPT】当年薪五万碰上年薪百万做的PPT…,旁门左道PPT,395619513,170,116,0,570,921,61,94,26178
1677197875.8538394,524870895,面试谎言？被开除的原因是什么【职场导师Don】,职场导师Don,1302166373,4,0,0,8,18,0,0,206
1677197884.0262454,864847964,单if条件判断-Excel函数入门到实战制作自动化报表模板)之(七),Excel办公自动化,387418363,4,0,0,12,16,2,1,229
1677197900.1523438,394701140,职场中的五种犯傻行为，你踩坑了吗？快来对照！,刘老师职场与考编讲座,1849973655,6,0,0,44,73,5,13,1659
1677197904.246363,949753288,模仿只是第一步哦,求职找土豆,1068488454,79,15,0,657,6797,70,12,60452
1677197907.3715723,394866044,体制内摸鱼十年后最大的感悟是什么,易缘老师,691475389,9,0,0,33,43,2,3,1364
1677197914.512674,352339319,我第一次开除小白兔的经历，希望能带给你启发,许林芳管理思维,1226380111,8,10,0,73,213,32,21,6792
1677197933.6389608,822309831,异地初中女教师，月薪4600，工作辛苦经常被PUA,一不小心哥,574298442,31,7,0,24,198,69,14,6936
1677197939.7956247,992290912,我将在 24 小时内删除此视频...谁能看到它。或者……是你？,KLB读书会,516973958,23,14,0,86,161,0,18,2845
1677197997.075519,524854577,想做好电商必备的三个条件 零基础学电商-28课,老吴运营日记,470909303,4,0,0,4,18,6,1,886
1677198002.169803,224857623,人最大的导师就是自己，多自省多认识自己，总会找到答案,职场小咸鱼,471285754,59,1,0,127,163,15,19,2420
1677198006.2826188,224842656,一道题教你学：基层应急处突思维（示范答题）,鑫鑫与公考,2058280933,0,0,0,14,20,5,1,1052
1677198014.3925161,394771413,你是交警，高速发生交通事故，有车辆占用应急车道导致救护车过不去，领导让你前去处理，你怎么办？,金标尺面试观,1736468798,0,0,0,1,9,0,1,109
1677198049.5698974,479776756,武汉985院校，4个传统工科硕士，真实的就业和薪资情况,那些无名之辈,295347600,62,76,0,161,1341,508,88,41925
1677198058.687288,907261469,表格内文字如何快速标注拼音...不！是单独列出拼音~,秋叶Excel,480423911,0,1,0,25,111,5,0,1134
1677198076.8180873,567348113,老造价五分钟就能找到工作，做造价一定要万事留一线！任何分包单位不是看起来这么简单的。,造价猫大洋,486242758,12,5,0,35,107,23,5,2393
1677198081.9121766,992312731,逼自己一个月找到工作！应届生春招技巧大全,金山文档,474596369,10,12,0,9,26,3,11,1042
1677198091.0395634,737335673,12颗米其林的中式餐饮创始人有这三个特质,闪闪发光的老高,1663915898,4,1,0,4,18,6,0,462
1677198110.15452,394357493,2.22遴选申论｜2023年要上岸的朋友！速冲！（一整年考点）,公务员遴选申论,1616372839,23,2,0,73,78,9,16,2191
1677198157.414457,992209069,"401-交越失真,推挽放大电路中对管交替工作中产生的失真",电子电工黄超想,651321342,0,0,0,2,23,2,0,453
1677198189.6039147,779849542,团队要淘汰这三种人,许林芳管理思维,1226380111,1,0,0,13,23,7,4,1372
1677198197.733532,482371011,51% 卡尼曼双系统,圆中的猫头鹰,385126080,122,7,0,407,308,26,30,4705
1677198207.9416916,309790360,智性恋鼻祖曹琴默的职场沉浮启示录｜高玩的聪明与清醒【钱婧】,钱婧老师,512063561,115,88,0,107,372,24,24,5586
1677198228.0865762,479757484,连合理的拒绝都不会，还怎么在职场混？,产品老曾,1150472191,622,57,0,1119,1723,155,384,64973
1677198269.2835395,694852237,欧洲“扫地僧”助力华为新员工,华为招聘,510459330,2,0,0,6,75,5,2,1636
1677198292.413271,267322061,【征兵】征兵到哪一步不能后悔？未授衔可以全身而退吗？,特种吃货Seven,286925403,92,124,0,98,1490,273,21,25399
1677198347.6124728,907361473,正确率18%的23浙江省考真题,公考讲师刘文波,613161302,2,3,0,18,28,4,4,1623
1677198358.728885,822305756,女人不管在哪里上班也要记住这8个道理,易缘老师,691475389,6,0,0,19,24,1,5,688
1677198400.884483,567305899,同事之间处理好关系很重要，请问你怎么处理与同事的关系？,金标尺面试观,1736468798,0,0,0,1,6,2,2,94
1677198412.1009903,224760645,Exce表格中，如何使用sumif函数进行跨表求和，并做静态化设置？,Office办公三剑客,2146236937,2,0,0,31,31,0,1,1011
1677198449.3251493,224767240,坚持读书2000天发现，人生变强的秘诀是快速放弃？,煮一壶酒的卢克,22001608,292,91,0,417,428,49,41,6638
1677198454.4399674,737293030,公务员职务职级并行后，任职年限已经足够了，为什么迟迟没得晋升？,老A讲晋升,1029508158,0,0,0,7,25,0,0,1100
1677198606.7856855,907312093,中央一号文件极致高效讲解（公务员事业单位考试通用，有讲义附赠）,公考阳焱,174873764,415,67,0,2497,1065,27,290,25894
1677198625.8922842,737311782,开除事业编制有多难,易缘老师,691475389,4,0,0,41,46,7,12,1320
1677198708.2121487,652264948,10省份放宽报考公务员35岁年龄限制,公考讲师刘文波,613161302,5,2,0,5,86,13,6,2535
1677198759.4514475,524798596,江浙真题7--如何处理“领导满意”和“群众满意”的关系,北楚公务员面试,1567582106,20,3,0,101,39,5,9,1893
1677198771.6023595,524777807,如何摆脱垃圾人际关系？分享一个“四字咒语”，把说你坏话的人的嘴，堵住！,葆二爺的读心术,14797570,57,3,0,224,488,29,22,5827
1677198791.7568083,609826433,这个上司，多少让人头大了，序号输入大法，赶紧收藏！！,秋叶Excel,480423911,2,1,0,43,113,2,2,2017
1677198815.894542,394850106,Blender中创建程序化得绳索桥,Blender最新教学站,350629248,2,0,0,26,11,0,0,268
1677198974.320522,737282572,你还在找背景音乐吗？这64首自带流量的BGM，赶快拿去吧，已经帮你分类好了,厦九九,686439082,0,0,0,7,5,0,0,83
1677198981.4493055,437366543,从一位普通设计师到最牛装配式设计公司，他们用技术预埋实现了三次逆袭,BIMBOX,76028355,10,1,0,13,27,10,2,1032
1677199074.392843,309768961,看穿那些假装欣赏你的人,老付聊职场,520810093,184,72,0,1088,1615,172,233,79698
1677199084.6627688,524861153,初级会计职称题库每日刷一题|对啊网名师 签字并盖章的人员,对啊网,32533840,0,0,0,2,18,1,2,303
1677199087.8202088,352304959,【对啊网】Excel小技巧——区分单元格红/黄小三角,对啊网,32533840,1,0,0,5,7,0,0,645
1677199105.215484,907319074,每日即兴英文演讲Researchers have found that spending money on others makes you happier,英文演讲爱好者Scott,508695150,9,0,0,7,41,2,2,492
1677199149.959218,907362612,ps混和器画笔详解,教ps的假叔叔,1290054818,10,2,0,32,59,0,3,1182
1677199200.7354817,309622938,Creo/proe血管支架，建模技巧，结构设计，creo教程，proe教程，creo在线教学，一加一教育，佳言老师,Proe与Creo产品设计,370547437,2,0,0,21,32,2,0,419
1677199296.1744487,394774930,【2023广东省考】申论押题手册！连续两年押中！,巨鹿公考,505013592,388,81,0,298,325,1331,11,7869
1677199731.0873632,992318010,近期写公文材料适用金句汇编，50句，word文件,职场学习小超人,650750845,2,0,0,27,29,1,1,1304
1677199763.6089149,694789832,避雷！向上沟通汇报常见的7个错误！,小弘哥和暮色里,522846737,3,0,0,19,25,2,2,1123
1677199778.937556,437328499,黄金回收，里面的门道你看懂了吗?,李想要理想官方,1132182566,8622,297,0,2493,40120,614,737,393066
1677199793.2930017,949865435,学会做销售想穷都很难,大咖言商,2080393565,0,0,0,4,3,0,2,88
1677199800.485774,779841231,五种小人领导，如何相处 #张燚伟 #智斗小人24策,张燚伟,690661734,4,0,0,11,15,0,0,589
1677199804.6931531,779680418,为什么你的手淘推荐流量，转化率那么低？,照顾酱,389838895,8,0,0,13,36,3,2,1435
1677199852.4034882,907327567,在门口单联开关上加一个插座，不砸墙不加管，只需换两根电线就行,勇哥说水电,595286379,3,1,0,11,49,1,1,1095
1677199881.9288635,267138368,我被末尾淘汰逼的掉了三层皮，为何还如此倡行呢？,许林芳管理思维,1226380111,3,1,0,19,46,3,8,1670
1677199888.1217175,992165361,学会这个心理博弈术没人敢再欺负你,易缘老师,691475389,4,0,0,58,82,3,10,1632
1677199888.227487,949739457,Excel技巧：随机数公式，生成指定范围的数据,Excel自学成才,431886272,25,0,0,79,238,3,5,2962
1677199923.8257992,992260211,新老师在学校怎么才能过得幸福？（同事关系篇）,君山老师,593644325,79,4,0,127,361,28,25,6441
1677199967.517799,652182123,小学？初中？高中？教师公招报名怎么选？,英语考编丫丫老师,487343546,4,0,0,12,21,0,4,1225
1677200007.1820068,437310142,报社，虽然年收入10万，但工作辛苦加班多环境差，只想提桶跑路,一不小心哥,574298442,33,1,0,16,156,42,7,5259
1677200015.3812706,267251665,考研失败，立马入职！从简历空白到满满一页纸，她的简历长啥样？,简历燕哥,437744066,28,1,0,227,97,18,10,1505
1677200025.6161659,992227390,饭局上领导让你买单怎么回应？,善酒酒399,244308626,24,2,0,221,673,14,7,8325
1677200027.7451591,949861100,用一个六边形，搞定你40岁前的所有工作选择问题,马力在知群,543931674,6,0,0,58,80,6,4,1280
1677200030.8820236,949648349,就业老师：面试被问”职业规划”，高分答案送上！所有岗位可用！,双门洞锴哥,129866811,95,79,0,560,360,22,16,5008
1677200049.2434678,479692787,李佳琦的这张PPT表格页，配色真大气！,邵云蛟,350176398,10,2,0,46,57,5,1,770
1677200093.9984434,652227000,想要让员工忠诚，除了金钱外你的情感付出到位了没有？,许林芳管理思维,1226380111,1,2,0,39,65,3,17,2550
1677200150.8596783,437361484,“一把手”一般会培养什么样的人？带你看透这个问题！,公务员干货,491307403,11,0,0,34,80,0,3,1723
1677200179.4117582,822327450,发财小电容！这种故障来多少干多少。显示屏不亮，轻松搞定！,华宇万维,109630783,1,0,0,7,24,4,0,374
1677200205.8527792,479738246,单位里不想受气你就要气场强大，四招见效！,刘老师职场与考编讲座,1849973655,11,3,0,87,107,10,16,2221
1677200224.189308,309825753,一道很难的甘肃选调生面试题目，你能答出来几点？,公考面试考官说,1485409299,51,1,0,110,184,21,23,5356
1677200230.3862555,652325692,比较万能的职业院校试讲导入～别再乱讲了！,你们的田老师,1817047180,4,0,0,24,39,3,0,494
1677200244.6654282,779735233,23年找运营工作不想被坑？这4类垃圾公司千万别去,运营喵和她的小伙伴们,405498033,3,10,0,47,51,3,6,1014
1677200247.8388777,267184398,400-信号放大电路中，三极是否己经导通的判断方法,电子电工黄超想,651321342,2,0,0,3,23,1,1,194
1677200248.954062,437303482,你真的会用IF函数吗？快来看看辛莱德怎么教你学会！！,秋叶Excel,480423911,4,1,0,40,107,2,1,2159
1677200254.1331255,779812810,旧的学历观念，已经不适合新的你了～,野生ceo大宝,430372013,120,62,0,572,1833,107,107,25308
1677200347.4529574,609733535,自动跳转的导航按钮,三秒Office,1887084784,0,0,0,2,17,2,0,151
1677200352.666118,394851047,手机进水,华宇万维,109630783,0,0,0,1,16,3,0,503
1677200369.963385,737161277,【Java高级】线上GC问题，技术专家如何分析，与面试很不一样,极海Channel,1525355,805,119,0,948,1240,350,109,29463
1677200376.1660762,694660824,被平级主管叠罗汉了怎么办,闪闪发光的老高,1663915898,39,7,0,191,306,35,37,11950
1677200407.6589837,737308987,“为什么相信我”，还有什么比实战成绩更有说服力呢？———花生十三实战成绩汇总,花生十三-公考行测,526410150,176,60,0,275,891,352,372,53671
1677200427.976086,482260346,20个自我批评存在问题｜民主生活会材料｜救急干货分享,做一只精致滴猪猪女孩,388433315,99,1,0,540,221,18,117,3389
1677200479.6639287,737194218,下属是老油条，为什不建议你直接开除？,产品老曾,1150472191,143,45,0,476,697,52,189,38737
1677200511.1546369,822171732,管理层如何避免自己被裁,许林芳管理思维,1226380111,0,0,0,23,32,1,5,1209
1677200614.4374366,992364506,出国打工拿身份？究竟什么是“身份”？拿到了我就是“外国人”了？基础知识讲解,艾伦老师是也,450930297,14,0,0,20,47,19,2,1300
1677200656.053115,822249209,多文字PPT原来可以这么解决吗？！【PPT改稿】,零一PPT官方,14842663,6,19,0,20,54,3,4,2061
1677200704.7824516,949627011,领导提拔一个人看的不是努力也不是结果,易缘老师,691475389,76,7,0,389,470,23,131,13749
1677201032.9490142,864731466,领导交给你和小王一项任务，你将自己负责的部分完成后交给了小王，小王完成后直接交给了领导，但是他负责的部分有错误，领导问小王情况，小王说是你弄错的，领导因此批评了,金标尺面试观,1736468798,0,0,0,2,6,1,1,343
1677201095.725422,224781681,公务员职务职级并行，无法晋升的几种情形,老A讲晋升,1029508158,2,0,0,11,54,10,0,1984
1677201186.775938,949706244,想做领导先学会这四个驭人手段,易缘老师,691475389,10,0,0,87,73,2,17,1402
1677201187.893075,524658204,撼！高级的PPT图文混排,彭棣PPT,454668114,0,0,0,9,9,0,0,268
1677201215.2845738,652243041,"智人永不为奴！头铁UP主单挑ChatGPT职场话题,评论区持续更新中...",大叔的车库书场,97212695,34,44,0,19,122,71,6,1907
1677201260.910601,992238194,这题不会，说明你还没掌握鲁滨逊定理,公考猫哥,470105125,6,1,0,39,29,8,6,1060
1677201360.1038263,652221105,做表表不行，玩梗第一名，10秒教你快速制作时间计划表！！,秋叶Excel,480423911,2,0,0,30,129,7,1,1422
1677201382.5150902,652187013,【2023广东省考】考前急救+10分，1招做对9道推理题！,巨鹿公考,505013592,107,104,0,292,166,123,44,4999
1677201390.6939845,524652417,请不要随便告诉别人你是公务员,易缘老师,691475389,0,1,0,8,31,2,3,762
1677201425.2247384,394632566,PPT里的重点数据，别再只会标红了！,跟我学个P,98812108,623,128,0,1899,1572,37,161,107529
1677201441.5560427,779705213,【闲聊】游戏开发来谈谈高中有辍学做游戏的必要吗,超级小華,933478,1666,300,0,1119,7927,563,480,113715
1677201488.2512589,822192879,粉笔选B，华图选C，猫哥选D，你选哪个？,公考猫哥,470105125,1,0,0,1,14,18,3,952
1677201558.2910855,694695132,他因削弱和直接否定论点，谁强？以这道四川省考真题为例,公考猫哥,470105125,3,1,0,17,15,32,5,1184
1677201909.9788644,567153369,可视化后的《孙子兵法》，更易读懂,巨蟹座哪有什么缺点呢,510832890,0,0,0,2,12,1,0,274
1677201931.3469696,779718305,初级会计职称题库每日刷一题|对啊网名师 经济法基础内容,对啊网,32533840,1,2,0,2,22,1,4,366
1677201955.8485465,822213360,【对啊网】Excel小技巧——Text的用法（三）,对啊网,32533840,0,0,0,4,7,0,0,344
1677201973.2793334,779717047,每日即兴英文演讲What is your dream job?,英文演讲爱好者Scott,508695150,25,1,0,12,52,6,4,737
1677202043.2147698,224553368,Creo/proe-ipad曲面造型，建模技巧，结构设计，creo教程，proe教程，creo在线教学，一加一教育，佳言老师,Proe与Creo产品设计,370547437,2,0,0,36,23,0,1,822
1677202178.8871148,352242376,课堂常规｜「自主预习」正确打开方式✅,李啥啥,1286390906,10,1,0,52,174,4,4,2203
1677202189.1056063,352230552,超赞！一等奖！高中英语演讲稿写作课！设计超好！考编面试学起来！,未来英语面试指导,505949610,8,0,0,100,48,2,18,1615
1677202200.3502765,737236270,countif(s)单(多)条件计数-Excel函数入门到实战制作自动化报表模板之(六),Excel办公自动化,387418363,3,0,0,12,19,0,0,297
1677202213.6948476,652168754,“为”字型写材料素材汇编，40例，word文件,职场学习小超人,650750845,4,0,0,27,24,1,1,1043
1677202236.0723813,524671616,Excel前三位数字不满整数退位取整,山竹Excel表格教学,670562659,5,0,0,26,100,12,4,856
1677202251.3542604,224635184,警惕程序员的成长陷阱,魔术师卡颂,453618117,550,141,0,764,1295,214,212,35097
1677202257.5636647,694629446,给大家分享一道人际关系题，备考甘肃省选调生的同学要格外注意此类题目。,公考面试考官说,1485409299,178,25,0,384,547,125,73,44457
1677202282.9992054,567218533,2023年深圳市市属事业单位招聘高校应届毕业生公告,广东公考指南,691682865,16,102,0,188,179,244,201,14717
1677202308.4052916,949736118,发现领导和同事偷情怎么办,易缘老师,691475389,0,0,0,12,52,8,10,1205
1677202309.533797,779629435,OpenGL实例教程2023：04-1着色器概述,阿西拜编程,412587130,6,0,0,15,32,2,0,564
1677202332.9666889,694654146,做电商要会抄？其实你未必抄的起,照顾酱,389838895,17,0,0,59,78,15,6,2290
1677202345.2142906,352174588,废弃核酸小屋“再就业”（下）,鑫鑫与公考,2058280933,9,0,0,27,58,10,3,1373
1677202384.7849584,949705896,我在职业生涯最狂的时候被教训了,许林芳管理思维,1226380111,16,3,0,89,321,7,32,7999
1677202411.207048,394682034,【立体拼合原创方法-数面法】无空间想象能力秒杀一类黑块型立体拼合,公考苏金朋,385154136,1201,211,0,3801,2125,88,565,39474
1677202489.4699662,652244000,工业电气设计管丨继电保护丨变电站丨工业园丨 史老师,电气设计李老师,477343561,0,0,0,2,4,0,1,131
1677202492.6521382,992220265,从没有经验的小白-月入过万的线上汉语老师,Wendy爱自由,217515873,2,0,0,14,23,5,0,763
1677202511.992637,822137995,真正需要提防的，是传话人。,小果姐在哪,613411852,8,2,0,65,113,6,5,1357
1677202539.4630008,567149919,唐主任履新人大，折射出体制内这些潜规则，你很有必要掌握,一不小心哥,574298442,114,5,0,77,616,90,50,25780
1677202552.7939124,652248166,今天更换一个联想Y7000的键盘，看完之后请在评论区打出so easy,华宇万维,109630783,1,0,0,4,38,4,0,757
1677202576.2275324,864712101,做到这十点，就可以迈向人生巅峰,善酒酒399,244308626,12,0,0,29,87,0,2,1632
1677202594.5739348,224735385,一招让他闭嘴！黑心领导再敢抢你功劳就这么说！,马力在知群,543931674,7,0,0,29,100,1,0,1573
1677202595.6840358,992190301,体制人必备！这个神仙网站的学习心得体会也写太好吧！,小弘哥和暮色里,522846737,39,0,0,188,72,4,20,781
1677202599.819095,482158277,职场小白学了也能成为管理大咖,许林芳管理思维,1226380111,0,0,0,20,15,0,4,738
1677202611.0351746,694698350,职场情商低的人乱表现瞎表现，优秀的人能很好地控制表现欲望,马尔西本人,109912227,19,0,0,50,75,7,4,1116
1677202663.7307765,822207296,为啥领导冷落你原因在这,易缘老师,691475389,0,0,0,25,39,3,6,1160
1677202667.8707974,352056572,如何改变自己在单位的软弱个性,老A讲晋升,1029508158,22,2,0,195,207,4,14,4002
1677202713.6019254,437168567,2023陕西省考申论热点：一带一路 —主讲：吴洋,初心公考,110628089,4,0,0,7,14,2,3,879
1677202720.8252313,567218280,Excel表格中，如何制作能打钩的复选框按钮？,Office办公三剑客,2146236937,2,0,0,47,47,2,2,1273
1677202721.9743216,394441363,去有风的地方：每个人的生活，都需要一点呼吸感,崔璀CC,524500054,3,0,0,11,42,1,7,517
1677202725.1473236,479660056,我们不仅仅只是谈业务的外贸业务员,Morry唠唠叨叨,483104896,5,3,0,21,335,15,7,11918
1677202725.2528727,822246970,陕西事业单位联考笔试—和差倍比问题,陕西中公教育,388684610,0,0,0,0,6,0,1,136
1677202726.3616238,737129957,遇到不配合的同事怎么办？,闪闪发光的老高,1663915898,11,2,0,37,116,11,11,2142
1677202729.4932637,524745220,【逸笔文案】真的，建议专家不要再建议了……这篇央视网评真是绝了，必须分享给大家❗️申论结构化面试公务员写材料素材,逸笔文案,392489872,2,1,0,19,29,1,2,1930
1677202737.680646,992130578,公考热点：废弃核酸小屋“再就业”（上）,鑫鑫与公考,2058280933,21,2,0,227,144,22,24,6111
1677202739.807216,864685511,辛莱德也有吃瘪的时候哦，一招合并单元格填序号~,秋叶Excel,480423911,10,0,0,54,161,1,9,2481
1677202785.4835925,567196544,在施工单位真的加班到十点吗？这才是主要原因吧！,造价猫大洋,486242758,9,0,0,18,55,18,8,1380
1677202789.8102217,394647566,医学专业鄙视链的最底端!双一流医科大学，护理学专业，毕业6年后现状,那些无名之辈,295347600,41,33,0,89,1072,202,103,29434
1677202803.132691,821848167,02.20遴选申论 | 彻底解决1.对策太空、不具体2.做题没思路思路的问题！！,公务员遴选申论,1616372839,23,9,0,56,81,14,10,2738
1677202830.5727828,437217604,我，一名95后高中老师，顿悟了…,是宝石老师啊,1339214736,235,108,0,407,1402,55,29,13776
1677202867.1418307,609670908,想让老板觉得你靠谱，做好这几件事,许林芳管理思维,1226380111,3,0,0,37,47,2,2,1357
1677202882.402119,907233161,23年二建机电精讲片段，导管保护导体，3D动画讲解,建造师小超人,1807636182,18,0,0,32,50,12,5,2225
1677202886.5570898,437156409,没有水电煤气账单、办公地与注册地不同，如何完成账号验证？,老陈聊跨境,550248759,4,1,0,45,18,2,11,693
1677202899.8189754,907143233,一到下班就开会，怎么让老板闭嘴？！,产品老曾,1150472191,31,26,0,162,351,35,73,15834
1677202976.9215634,864739693,在单位，如何与这些人好好相处？,公务员干货,491307403,6,3,0,76,289,10,6,20480
1677202980.0689707,394698489,体制内为啥有的领导快退休还在拼命干活,易缘老师,691475389,2,0,0,8,42,2,8,1234
1677202987.2407215,224654221,"如果有人每个月能给你赚200万,你觉得给他多少合适呢?",公考干货君,473654149,6,2,0,11,46,5,3,1140
1677202996.4587054,694735551,不看后悔系列｜关注关得好，职场没烦恼,陈珍珠女士,19736263,44,4,0,554,893,25,10,7419
1677203000.6201322,822128400,有个人英勇救人，严重负伤，单位为其组织了一场募捐活动，在募捐现场来的人很多，但是真正捐款的人不多。请你针对这种境况，做一个现场演讲？,金标尺面试观,1736468798,2,0,0,2,10,0,0,163
1677203029.0698955,864630599,省考87的申论学法，真想申论写的好，需要怎么学，申论慢成视频。,GreenDonkey学习,481425807,64,4,0,328,209,54,26,7070
1677203043.4099176,482204923,申论答疑@龙华老师,龙华老师讲申论,438446895,0,0,0,1,4,2,2,510
1677203059.7804954,652166401,特斯拉重拾毫米波雷达，激光雷达(Lidar)没戏了吗？,大叔的车库书场,97212695,40,44,0,30,203,18,10,4555
1677203085.1856098,609729905,【2月20日直播回放】抽烟喝酒对寿命的影响问题,花生十三-公考行测,526410150,68,71,0,58,313,86,60,11048
1677203087.3019078,609690179,有些男领导是怎么设局套路女下属的,易缘老师,691475389,41,6,0,460,523,37,154,17473
1677203133.9451306,737230094,别瞎努力，没用。,Larry想做技术大佬,19873195,2118,577,0,4305,8714,564,1350,142841
1677203176.4594247,949694390,想电商创业做广州沙河女装，但是不知道如何规划，我来简单告诉你,掌柜电商解说,1944104973,8,0,0,10,24,4,1,796
1677203197.7856584,822213558,多报表链接，用Excel高级技能做数据汇报就是爽！,运营菌Excel,349381768,17,0,0,219,65,6,9,2225
1677203211.976867,822238328,有钱真的会更开心吗？,爱吃榴莲的小吴同学,35757240,2726,865,0,2165,10738,778,1030,148395
1677203511.1832397,652162721,一位退休高官的从政感悟,易缘老师,691475389,0,0,0,72,97,1,17,2877
1677203518.3462825,992227111,内心不够强大 千万别考乡镇 考编不异地 异地不乡镇 是永远的真理,卡妹儿-,351190028,33,15,0,91,307,102,35,12904
1677203618.5067635,524689584,江浙真题6--“丛林法则”淘汰中小微企业，可取吗？,北楚公务员面试,1567582106,11,2,0,31,28,3,5,1148
1677203656.1439528,737183524,公务员面试考场：怎么看待有人质疑农村直播无法长久,公考章晓铭,488609381,6,1,0,47,237,16,21,4440
1677203861.6659791,737158175,2023一号文件 I 5分钟讲完,公考李卜,38768544,4118,464,0,24610,12160,198,4642,414835
1677203891.1227431,609641012,【对啊网】Excel小技巧——Text的用法（二）,对啊网,32533840,2,2,0,4,12,1,0,265
1677203894.2912455,949739883,初级会计职称题库每日刷一题|对啊网名师 所有者权益,对啊网,32533840,1,0,0,4,16,1,0,177
1677203930.8425055,394625560,每日即兴英文演讲Was there an event / celebration you thought it was going to be best,英文演讲爱好者Scott,508695150,23,1,0,6,55,14,1,649
1677203938.035069,352140106,自动生成一个完整的Revit模型，这是AI干的？！,BIMBOX,76028355,48,2,0,277,186,32,344,8269
1677203983.7066736,482024189,Creo/proe模型颜色库文件，设计资料，结构设计，creo教程，proe教程，creo在线教学，一加一教育，佳言老师,Proe与Creo产品设计,370547437,2,1,0,23,24,14,3,600
1677204396.629024,479687680,超赞！高中英语优质课一等奖！词汇教学示范！太牛了！考编面试必学！,未来英语面试指导,505949610,26,0,0,304,143,6,51,3236
1677204397.7459946,524706425,当面试官遇到了真正的办公高手…,WPS小表姐,17131900,2728,128,0,24195,28226,274,614,671475
1677204421.080648,482154342,市长田封义一套公式轻松换算含权量，再次拿着祖传名画登门拜访省委副书记于华北,公务员干货,491307403,2,0,0,20,85,2,2,1850
1677204426.2279422,524748412,Excel一列日期统计周末天数,山竹Excel表格教学,670562659,3,0,0,33,86,0,0,979
1677204475.889139,267223136,在珠三角当老师的真实收入，月薪1.4万，年终奖4万，公积金3800,一不小心哥,574298442,57,15,0,34,254,115,36,9830
1677204516.4909246,267248602,淘宝搜索又改版了,电商人一灯,1110256210,5,1,0,25,72,7,3,4322
1677204547.0057802,907040546,实现财富自由后亚洲首富的公司也挖不到我,许林芳管理思维,1226380111,8,2,0,62,231,9,8,10446
1677204547.155102,737205272,近期写公文材料适用，金句汇编，50句，word文件,职场学习小超人,650750845,2,0,0,30,27,0,3,1522
1677204552.3103867,864566960,在单位怎么判断周围的人 是敌还是友呢,易缘老师,691475389,3,4,0,99,192,6,10,4002
1677204581.777445,737169975,奋进激励类相关公文材料适用，比喻类过渡句汇编，word文件,职场学习小超人,650750845,0,0,0,26,27,1,0,606
1677204585.926846,524652140,我为什么总喜欢笑？！,建筑小食堂,434432409,87,53,0,30,541,54,19,6023
1677204622.562058,394423599,【底稿篇】20 应付职工薪酬 新人第一年必做科目 相关程序及注意事项（下）,Aton审计dogge,120361922,25,12,0,22,68,2,3,908
1677204632.7949834,609467579,体制内摸鱼大师刘慈欣,老A讲晋升,1029508158,7,0,0,24,95,5,15,1867
1677204639.9748743,267206996,《无领导小组面试通关课》片段2：最高级的论据，帮你摆脱“学生气”,小磊哥的秘密基地,1592574234,38,37,0,23,64,16,5,1601
1677204643.1556385,864520504,职场生存指南：打工人不想被卷了！同事假装加班我被骂了？？？,产品老曾,1150472191,31,18,0,72,342,23,61,15506
1677204649.3092244,479602794,老板不断的给你加活不给你加钱到底是为什么,许林芳管理思维,1226380111,7,1,0,45,121,4,38,4259
1677204668.6405673,694506983,你越“好学”，你就越容易在面试中被淘汰！,马力在知群,543931674,125,36,0,1203,1828,117,58,52434
1677204689.9983835,779733484,Excel多数据统计重复次数,小伟教你学Excel办公Word,423987818,2,0,0,17,21,0,0,205
1677204713.4350634,694733328,签租房合同要注意的7个细节，看完不掉坑！生活常识 薅知识,薅知识,1376441269,35,0,0,387,348,6,38,2615
1677204724.707212,309672898,你真的一直误解了中国邮政,不普通人类实录,645711700,5606,1478,0,4133,36949,1706,849,621736
1677205096.4464123,437233372,我的第一个周末vlog 嘻嘻嘻,Morry唠唠叨叨,483104896,23,5,0,1,297,27,1,4225
1677205097.618753,737151383,118-很多直男哄老婆，煞费苦心说了一大堆，老婆反而更生气了，原因是什么你知道吗？,跨越阶层必修吧,1146640798,0,0,0,3,7,2,1,869
1677205099.8410242,822202162,120-职场中溜须拍马的人都是谄上欺下的，要和他保持距离。,跨越阶层必修吧,1146640798,3,5,0,145,422,7,47,13978
1677205103.0349343,524744282,119-自嘲是人际交往中非常有效的技巧。,跨越阶层必修吧,1146640798,0,0,0,1,12,1,0,644
1677205104.220742,822230348,116-公务员和国企该如何选择 给你一点建议。,跨越阶层必修吧,1146640798,15,4,0,83,883,49,12,51630
1677205120.5158503,437178320,大领导特别欣赏和在乎的一种能力，你具备吗？,公务员干货,491307403,8,0,0,40,106,1,7,1964
1677205128.6846237,609727053,怎么判断你是不是当官的料？,公考干货君,473654149,1,0,0,25,50,0,6,1576
1677205139.9578452,437183881,Excel表格中，如何设置表格动态数据自动计算求和？,Office办公三剑客,2146236937,0,0,0,39,47,0,3,563
1677205143.1007993,524634456,女性到底需要什么样的主义？从上野千鹤子工伤谈起：,野生ceo大宝,430372013,180,101,0,557,2769,154,108,39667
1677205146.2325826,907025284,你的老板会唠唠叨叨给你讲大道理吗,许林芳管理思维,1226380111,0,0,0,10,24,0,1,639
1677205148.3661325,567137911,工作和上学为什么让人难受，低谷时如何调节心态,理发师肖邦,478030,2686,530,0,1762,10549,482,849,76971
1677205159.5687115,694651593,求职宝典：面试被问离职原因，什么话一定不能说？,职场教练Echo,1612114484,4,0,0,48,45,4,5,863
1677205541.9920135,482134047,医院里的香饽饽!河南专科，同宿舍6个护理学男生，毕业4年现状,那些无名之辈,295347600,79,60,0,161,2705,302,173,70452
1677205549.1609342,567134856,实话实话！老祖宗的赚钱方法论,芮淇讲书堂,1724539264,0,0,0,0,2,0,0,17
1677205560.412662,309739750,在体制内，年轻人若有以下表现，是绝对的不成熟,职场小咸鱼,471285754,131,1,0,498,575,31,70,20577
1677205618.1373029,309564160,体制内的各位，提拔不了日子怎么过,易缘老师,691475389,19,0,0,112,137,3,40,2715
1677205629.3664832,992224532,【法规】2023注安《通关考点》（高频考点）,牛耕耘,1914946098,0,0,0,0,0,0,0,10
1677205649.6829598,309699619,【公务员面试】消费券发放的前期调研怎么做？,公考无敌傻喵,13114715,17,4,0,90,54,16,3,1185
1677205656.863464,822243697,【公务员事业单位面试】我当面试考官经历,一鸣上岸说,622722852,699,309,0,1951,2384,183,227,39309
1677205667.0808222,567230823,试讲面试80分到90分，你需要抠好这5个细节。,你们的田老师,1817047180,20,0,0,132,148,8,6,2891
1677205676.3363016,482025729,领导总是在快下班才安排你工作，导致你经常加班，你会怎么办？,金标尺面试观,1736468798,0,0,0,5,8,0,0,242
1677205733.125269,694534923,Creo/proe ipad曲面造型，建模技巧，结构设计，creo教程，proe教程，creo在线教学，一加一教育，佳言老师,Proe与Creo产品设计,370547437,0,1,0,50,68,7,3,1122
1677205762.5911763,352223965,VLOOKUP函数核对两个表格，实在太方便啦！,Excel精选技巧,515269622,3,0,0,64,45,5,9,1695
1677205763.711157,652191190,奸商揭秘暴利奶酪棒！利润让人惊讶,倒爷胖丁,417014129,51,28,0,92,978,110,148,28061
1677205784.075296,694595898,领导为啥故意把单位整乱,易缘老师,691475389,24,5,0,84,191,17,50,4735
1677205817.6819649,567143516,每日即兴英文演讲What does it mean to listen well?,英文演讲爱好者Scott,508695150,15,1,0,1,48,18,5,507
1677205845.134886,609701289,加油小仙：把自己的苦难转换成人生的摇钱树,UP主五老师,17682864,38,5,0,8,151,18,0,1732
1677205855.3805807,822187236,面对老婆出轨该怎么办？老罗：没事，不是什么大事，成年人不要冲动，要冷静的解决。,老罗一个有趣的灵魂,1419461490,2,1,0,4,20,2,0,528
1677205890.9882376,394675716,【2月19日题目解析】凉茶的问题,花生十三-公考行测,526410150,54,21,0,51,270,101,48,11498
1677205893.1201384,652153078,焊接电焊时一定学会这几个动作,焊工小高,490942666,15,0,0,10,106,7,3,1192
1677205986.2264879,479661678,对话调教ChatGPT，居然变成在线犯罪指南！,赛雷三分钟,26108626,892,601,0,3001,21676,617,949,180499
1677206033.9350502,779624076,当我给员工发年终奖....还比去年多了几十W？,纽约星姐_毛小星,27744027,110,17,0,122,1772,87,78,46037
1677206039.101737,694548816,【公务员遴选笔试】乡镇干部的“金木水火土”,公选王-遴选翰林院,471911317,8,0,0,20,29,0,6,481
1677206077.6559896,949608916,大城市求职/租房/生活，20个重要建议|给00后的职场常识系列,青舟访谈360行,600286361,441,127,0,984,919,141,65,11635
1677206198.129303,822007778,【对啊网】Excel小技巧——Text的用法（一）,对啊网,32533840,1,0,0,5,14,0,1,1222
1677206198.2958496,652116430,初级会计职称题库每日刷一题|对啊网名师 固定资产折旧,对啊网,32533840,2,1,0,5,9,1,0,175
1677206201.418243,949537180,这位粉丝挺幸运，竟然全是真的！,元实珠宝,27383767,37,72,0,166,8382,103,35,99095
1677206234.9577098,949613278,【春招】23届春招已开的游戏公司大全及岗位介绍,Paper朱,475323100,19,34,0,66,137,2,14,2302
1677206255.2015095,609529102,UG建模 第46讲 3D曲线 直线圆弧空间曲线实战与修剪曲线使用（三）,UG编程-千言,397230176,0,0,0,6,8,1,0,154
1677206261.3575413,224515847,职场自救指南：一个万能公式，拯救吃亏的自己,陈政讲财务说职场,1110750332,180,8,0,541,1756,27,91,14786
1677206277.5942788,394601200,被同事集体孤立PUA你该怎么办,易缘老师,691475389,4,0,0,55,64,3,2,1281
1677206282.7357197,267050511,超赞！气质女神小学英语优质课！精彩导入+动作带学！考编面试必学！,未来英语面试指导,505949610,0,0,0,7,6,0,4,336
1677206317.1894243,992028286,【资料分析】文字型材料如何读？先读材料再做题的作用在哪里？花多久时间读材料？,公考苏金朋,385154136,38,1,0,63,91,7,7,2341
1677206336.534851,479538707,Blender中的编制,Blender最新教学站,350629248,2,0,0,132,26,2,1,543
1677206564.077295,864594876,Excel分段式绩效如何计算奖金,山竹Excel表格教学,670562659,16,0,0,83,126,3,5,1237
1677206592.5221038,479568526,幸福的工作是可能的吗,飛鳥的日常记录,1366786686,36,0,0,78,107,9,12,1973
1677206623.982488,864492906,春晚小品《坑》里郝主任，如果在现实中，会被开除吗,老A讲晋升,1029508158,8,2,0,9,71,3,0,1675
1677206631.276302,394600289,2023个人在淘宝开店创业的前景如何？,照顾酱,389838895,26,2,0,50,114,21,7,3935
1677206649.5868442,524598559,sumif(s)单(多)条件求和-Excel函数入门到实战制作自动化报表模板之(五),Excel办公自动化,387418363,1,0,0,11,17,0,2,1139
1677206650.710269,437051860,同事之间不要过多的解释,易缘老师,691475389,0,0,0,36,64,1,4,1192
1677206677.1824908,779593253,皮talk：基石家庭的孩子能有几次机会？,工地开皮员,352701548,1619,153,0,504,2992,388,353,32699
1677206708.6815813,437119824,那些年对不起班长的事：偷吃狗班长的伙食！,一颗冰栗子,478565981,264,51,0,980,24204,244,102,297084
1677206714.8557737,482000143,管道横口氩弧焊填充怎样操作，告诉你方法和细节,焊工小高,490942666,10,0,0,11,77,0,1,907
1677206721.0292222,479551340,学查电路故障，新手电工只需吃透断路短路漏电故障，就能事半功倍,勇哥说水电,595286379,40,0,0,153,145,3,3,2803
1677206744.4146469,906920478,【底稿篇】20 应付职工薪酬 新人第一年必做科目 相关程序及注意事项（上）,Aton审计dogge,120361922,43,19,0,90,93,7,8,2281
1677206747.5684102,737040338,上海人为何不断地学粤语？,港你知粤语,447420410,0,0,0,4,38,15,1,565
1677206765.8838818,394580370,职场不被淘汰的秘籍，专业能力不够强的人怎么晋升？,产品老曾,1150472191,75,24,0,388,542,20,81,26959
1677206768.0092056,224587615,老板和管理者有没有好好对待离职员工,许林芳管理思维,1226380111,4,0,0,19,75,0,9,3122
1677206786.3681858,822050716,公司要黄了的5个征兆...当公司开始严抓考勤，你该考虑“润”了,斯前想后来,46842650,2334,2062,0,7895,13412,2051,22695,775396
1677206815.8450637,267124449,本科毕业去工作还是继续考研？生活的差距是在起点就开始了么？,董柒拾,508842887,8,1,0,3,36,4,5,700
1677206817.9836676,992063805,考研是思想懒惰者的无聊自救,Larry想做技术大佬,19873195,633,312,0,1179,2943,730,815,62523
1677206828.2205942,567081747,文科专业求职必看！进央企国企有哪些合适岗位可选,小弘哥和暮色里,522846737,2,0,0,12,16,0,0,406
1677206844.5234733,479571502,体制内的举报你知道后果吗？,易缘老师,691475389,30,17,0,193,542,51,38,15692
1677206880.108138,482021929,如何才能变得富有？通过自我暗示对自己建立不可动摇的信念 | 自我暗示的方法,KLB读书会,516973958,30,0,0,338,168,0,12,2067
1677206891.3460717,609514389,职场饭局，如何让领导觉得你得体又大方？,温柔芝芝,491142309,252,61,0,3578,4732,57,149,62516
1677206901.5764158,779500470,35岁的人失踪了？不，他们还在！,野生ceo大宝,430372013,88,16,0,800,2417,107,150,40574
1677206903.6830084,779438156,《狂飙》张颂文一句话，缓解了我的焦虑,崔璀CC,524500054,304,15,0,1229,2678,33,247,35878
1677206977.550095,822027374,面试搞懂「面试五要素」，你就是面试官的“梦中情人”！,马力在知群,543931674,18,0,0,92,119,2,5,1692
1677206987.8742237,864581802,普通人如何练习大佬气场,闪闪发光的老高,1663915898,83,6,0,160,257,10,17,4317
1677207011.1598663,394582318,教师掌握4大技能，主业副业两不误,苜蓿老师,23568088,172,7,0,607,765,49,33,14482
1677207015.301173,394508374,【公务员遴选笔试】被暴力拆除的对联，透露了一个基层真相,公选王-遴选翰林院,471911317,3,0,0,7,23,1,0,407
1677207019.4557452,351741670,2.18遴选申论｜上岸捷径：体系化的转化为擅长的！！！,公务员遴选申论,1616372839,17,0,0,42,62,7,4,2346
1677207035.7344973,992086142,夫妻吵架，妻子跳湖拒绝搭救，很多群众围观，有群众报了警，你赶到现场怎么处理？,金标尺面试观,1736468798,0,0,0,1,6,1,2,362
1677207040.914378,479567881,俄亥俄州毒气泄露,公考李卜,38768544,2,1,0,17,36,4,2,1274
1677207063.267285,479604805,土木工程的难兄难弟：陕西二本，同宿舍6个工程造价女生，毕业5年后现状,那些无名之辈,295347600,64,89,0,91,1222,280,168,33705
1677207076.5861232,309503385,工作激励类相关材料写作适用，排比句汇编，40句,职场学习小超人,650750845,4,0,0,51,27,1,5,688
1677207082.7714407,352096032,35岁后的职业生涯到底有多难,许林芳管理思维,1226380111,0,0,0,36,64,8,23,2866
1677207117.2595913,822063768,饭局上有人当众夸你怎么接话,易缘老师,691475389,878,155,0,6291,7161,296,473,138399
1677207158.8405406,737025091,如今社会，什么样的人最可怜？,公考干货君,473654149,16,1,0,50,73,1,9,1513
1677207179.1673577,309558862,【非常重要】人力资源管理问题，2.18日直播回放,花生十三-公考行测,526410150,123,44,0,117,353,70,51,11527
1677207210.6814299,737086789,领导让你回家和父母沟通棚户区拆迁，一个星期内必须要沟通好，你怎么办？,金标尺面试观,1736468798,1,0,0,6,11,0,2,228
1677207285.6051283,224527942,想要升职就先学会摆烂,易缘老师,691475389,47,3,0,276,449,10,107,12427
1677207475.746446,267121502,退役后户口本写什么？拒服兵役影响几代人？,特种吃货Seven,286925403,1098,538,0,664,12697,856,82,342113
1677207484.0259068,479573413,七天公考速成（不是），七天公考学习技巧，复盘技巧！,GreenDonkey学习,481425807,156,5,0,373,282,72,36,6885
1677207490.2039888,567011377,英文vlog｜500强快消外企日常｜转岗啦！,K袁园,23777298,91,3,0,88,298,93,13,7698
1677207544.0392315,992095442,低学历如何通过找工作逆袭？面试上万人我总结了这3招！,职场教练Echo,1612114484,0,0,0,23,31,0,5,1150
1677207548.1931908,524578477,同事欺负你一定有领导在搞鬼,易缘老师,691475389,2,0,0,19,48,1,4,1362
1677207583.788624,822124070,ChatGPT会抢走哪些工作？我算是玩明白了…,弗洛哈哈flhh,12800254,4283,763,0,8247,7969,784,3288,179813
1677207591.9914515,736745739,这道题目你怎么答？作为负责人，怎么说服教师去培训？公务员面试示范答题，一起学起来,导氮公考,262503639,0,0,0,0,0,0,0,37
1677207626.549027,567047242,你做对了吗？绝不能跟任何人分享的4个秘密！,公务员干货,491307403,10,2,0,88,159,5,8,2246
1677207650.9709873,437115956,这些赤裸裸的真相，刷新了我的认知！,公考干货君,473654149,7,0,0,43,47,1,2,744
1677207713.8731163,609551868,新公司在知乎上的口碑很差，我该不该信？,大叔的车库书场,97212695,199,117,0,473,574,93,52,14975
1677207813.264859,437024997,【2.17直播回放】青少年电子烟问题,花生十三-公考行测,526410150,171,57,0,125,324,72,74,10997
1677207823.553039,652103593,每日即兴英文演讲Should all education at all level be free?,英文演讲爱好者Scott,508695150,17,0,0,4,44,15,0,1043
1677207844.9277225,567108447,超赞！高中英语优质课一等奖！语音优质课！太牛了！考编面试必学！,未来英语面试指导,505949610,13,0,0,230,160,11,32,3009
1677207883.5139012,479510651,奶茶第二杯半价，你会买吗？,陈政讲财务说职场,1110750332,466,240,0,3375,19213,404,298,237885
1677207894.763282,482047449,没有后台背景的人如何让别人不敢招惹你,易缘老师,691475389,5,0,0,60,91,5,13,2359
1677207941.4834793,822109199,老板管理者让自己格局变大的唯一方式就是学习,许林芳管理思维,1226380111,0,0,0,13,30,2,6,975
1677207956.7767594,992010265,ChatGPT，人类文明转折点？,王一快,46394862,1526,912,0,2813,6154,1756,1014,248169
1677208000.443163,267049388,什么样的老板值得跟随,许林芳管理思维,1226380111,2,0,0,42,45,3,16,1829
1677208071.4910595,737088745,如果你听三遍还是不会讲我劝你放弃考教师吧，没有人能让你比这更清晰的喽,面试妙妙界,540051876,4,1,0,43,48,12,0,3219
1677208111.0799794,609581095,没错，我放弃公务员了,鑫鑫与公考,2058280933,109,7,0,260,682,129,25,50604
1677208118.2630327,479594220,职场小白必须尽早知道的10个真相,公考干货君,473654149,6,1,0,37,51,0,2,897
1677208127.4877257,437073574,索马里拼多多电商平台,电商人一灯,1110256210,15,1,0,17,72,28,17,2421
1677208145.927978,482041275,担当作为类公文材料，适用过渡金句，50句，word文件,职场学习小超人,650750845,6,0,0,43,31,1,3,699
1677208156.176514,949603008,Excel简易横道图制作案例,山竹Excel表格教学,670562659,26,0,0,56,142,6,6,1170
1677208187.6881595,652031869,你竟然管我一个懒癌患者借钱,UP主五老师,17682864,3,1,0,1,32,3,0,323
1677208211.140302,779589598,这些行为说明同事正在试探你,易缘老师,691475389,7,0,0,75,148,5,4,4610
1677208235.5420692,907041212,【春招】游戏美术该如何提升审美？来自从业者的建议（快逃）,Paper朱,475323100,12,1,0,90,133,7,4,1766
1677208266.0408754,949608286,体制内必备技能写材料！央企笔杆子分享如何提升写材料能力,小弘哥和暮色里,522846737,11,0,0,112,51,2,7,1448
1677208267.160359,864566308,在体制内，升官的性价比，到底有多高？,公考干货君,473654149,8,1,0,38,83,0,6,1381
1677208301.7947073,524593983,直通车广泛匹配与精准匹配的区别与应用,照顾酱,389838895,11,2,0,31,35,2,2,903
1677208304.9758158,394620546,vlookup分段查询匹配-Excel函数入门到实战制作自动化报表模板之(四),Excel办公自动化,387418363,2,0,0,18,21,2,1,394
1677208311.152637,224501675,普通人如何翻身逆袭？,公务员干货,491307403,26,2,0,77,103,4,12,1238
1677208335.5687902,694536294,高能预警！同学，快来看看bilibili2023校招礼盒,哔哩哔哩招聘,213899402,53,3,0,28,2135,30,65,15858
1677208339.7101107,352110172,员工的忠诚取决于领导自己,许林芳管理思维,1226380111,2,0,0,34,42,2,20,1099
1677208346.8866212,609558067,有人甩锅🔥3秒甩回去！,江雪的成长小窝,1022175770,306,136,0,929,1287,64,113,28496
1677208350.0391555,352086529,江浙真题5--以”变与不变“为题，发表演讲,北楚公务员面试,1567582106,27,3,0,243,123,11,22,5129
1677208352.1857896,737096538,入行一年 我再也做不了模特了？,比例Billie,18741834,7258,382,0,1235,13598,510,377,203661
1677208358.368213,482087369,运营到底是干啥的？发展前景咋样？3步快速入门不走弯路,运营喵和她的小伙伴们,405498033,2,4,0,34,21,3,6,621
1677208384.7004206,437077573,该怎样和一个阴险的领导相处,易缘老师,691475389,6,1,0,45,69,3,13,1761
1677208384.812106,779401039,《县委大院》不真实的5个场面,老A讲晋升,1029508158,8,1,0,13,65,9,3,1328
1677208384.914536,524579111,凌晨断开的监控,海南弱电小胡,519573253,198,331,0,197,2846,299,29,56778
1677208435.882386,949530680,Vlog | 自由职业一年，我过得还好吗,小雨在烦恼什么,163531251,197,71,0,60,255,45,7,3223
1677208467.4355805,479531760,不得罪人的管理不是好管理,许林芳管理思维,1226380111,13,1,0,149,133,2,57,3436
1677208477.6911228,267023437,职场真相大揭秘！下属能力比你强，怎么“反向拿捏”？,产品老曾,1150472191,89,25,0,405,660,51,99,30440
1677208510.173791,737119091,有一个被情绪操控的同事，你怎么跟他配合工作？,马力在知群,543931674,2,0,0,21,69,0,2,1060
1677208511.2965534,736920436,酒局上的暗语，没十年混局经验，你肯定听不懂。,善酒酒399,244308626,33,1,0,494,1008,46,27,16938
1677208556.0291677,352102644,小人超害怕你用这些手段对付他,易缘老师,691475389,60,0,0,689,633,11,66,9689
1677208586.560704,864440476,应届生：第一次工作面试的7个技巧【职场导师Don】,职场导师Don,1302166373,2,2,0,17,30,1,2,229
1677208591.785937,737042606,Morry喊你下班啦！,Morry唠唠叨叨,483104896,9,2,0,1,76,19,0,2300
1677208592.949019,609524292,中级取证首期优惠报名中，取证+专业培训=持证入行技能强国！,李涛PS,85651824,0,0,0,3,44,5,2,915
1677208609.2824528,309544189,简历没有工作结果就是废话？只要2步让简历变废为宝！,简历燕哥,437744066,0,0,0,7,8,0,2,646
1677208610.5062423,907105564,维修主板不敢上电测怕烧毁？知道这5个点，再也不用担心烧主板啦,华宇万维,109630783,13,2,0,57,67,8,5,1271
1677208623.8180003,394603367,卸任离船，李船长秒变小老头，开始胡吃海塞！休假全程实录！,李船长笔记,496070561,663,786,0,260,4588,365,61,104814
1677208644.200083,694531160,【真题35】（公务员面试）开展酒驾安全法治知识宣传，重点是什么？,易文讲公务员面试,486541607,2,0,0,13,14,1,8,460
1677208662.541815,822049689,一排文字快速转为一列，必须还得是Excel转置粘贴！！,秋叶Excel,480423911,1,1,0,21,113,3,3,1216
1677208720.353457,609596670,顶级985的文科博士，毕业去向到底怎么样？华五院校，马理论博士，毕业去向和现状,那些无名之辈,295347600,114,129,0,303,2373,403,257,70350
1677208733.6248546,949476368,考前答疑第二弹，关于冲刺阶段你们想问的都在这里啦！,粉笔网,298515499,3,1,0,11,36,8,5,1187
1677208741.8473344,352121336,用了这么久Excel，你不会不懂分列吧？,得得Office,1098308818,44,25,0,154,263,4,14,2637
1677208756.1494431,652013714,不好意思向领导请教问题，怎么办？,闪闪发光的老高,1663915898,13,0,0,44,93,3,11,1250
1677208759.2956703,949540115,如何处理不舒服的同事关系,易缘老师,691475389,14,0,0,101,110,1,24,1596
1677208762.4384387,992004982,职场贵人体质vs衰运体质，差别在这里！,是爱丽丝_,499889496,107,20,0,1589,9418,93,64,99671
1677208769.631948,394565852,Word文档中，文档批注的使用方法和功能,Office办公三剑客,2146236937,0,0,0,20,30,0,1,272
1677208770.7688434,737005442,在施工单位做预算什么感觉，国企和私企任务量差距太大！,造价猫大洋,486242758,20,13,0,52,145,23,27,4525
1677208779.9934945,821914094,职场里，会写有多重要？,王一快,46394862,723,306,0,663,1801,115,121,49828
1677208813.5662582,437045410,管理者要学会主动给员工加工资,许林芳管理思维,1226380111,2,0,0,7,12,2,6,658
1677208816.750362,652019892,不会PS的人、适合做电商吗？,老吴运营日记,470909303,2,0,0,9,20,4,2,942
1677208837.1318426,482003619,【模板改造】学了模板，不想等死，又不敢丢掉，怎么办？,公考面试老梅,384187458,86,9,0,183,136,9,19,3299
1677208927.2916336,864563865,1.3 文档结构与摘要信息,老九学堂,99182998,0,0,0,0,0,0,0,25
1677208930.4343677,907115471,1.1 什么是HTML,老九学堂,99182998,0,0,0,0,0,0,0,42
1677208930.5486376,482080124,1.2 W3C标准,老九学堂,99182998,0,0,0,0,0,0,0,32
1677208931.6594837,864563755,高启强和安欣都舍不得离开的地方，到底有多好,公选王-遴选翰林院,471911317,2,0,0,6,22,15,0,548
1677208934.8114188,694473402,替各位问网红九个问题,课代表立正,491306902,43,6,0,56,183,22,9,6324
1677208961.1811996,652098994,2023年职称申报进度第一阶段工作汇报！,董柒拾,508842887,6,0,0,3,20,15,0,749
1677208976.5272052,482052719,2022年江西省直遴选笔试公开课-2019年真题解读,公选王-遴选翰林院,471911317,0,0,0,2,5,0,0,102
1677208986.8029969,437009894,2022年江西省直遴选笔试公开课-2017年真题解读,公选王-遴选翰林院,471911317,0,0,0,1,5,0,0,101
1677209044.696907,736984042,单位领导让你和老同事一起完成工作，老同事经常找各种理由不来上班，导致任务失败，你怎么办？,金标尺面试观,1736468798,0,0,0,2,7,1,1,463
1677209097.4914055,437032565,化工仪表丨控制阀门丨自控仪表丨化工仪表自控丨张老师,电气设计李老师,477343561,12,0,0,34,20,0,2,486
1677209303.2213323,822080633,vlookup函数常见的错误-Excel函数入门到实战制作自动化报表模板之(三),Excel办公自动化,387418363,3,0,0,17,21,2,1,356
1677209371.2530546,864558581,在单位如何保护好自己,易缘老师,691475389,9,0,0,101,137,1,18,2016
1677209396.7125492,992053774,国内公认为的国宝级电影，上不了台面的中国式人情关系 ？,公务员干货,491307403,2,0,0,21,105,5,5,2001
1677209424.1842244,864562623,体制内工作多年，对提拔看得越来越淡,体制内老秘书,454155281,11,1,0,58,117,13,16,3326
1677209466.8832788,566994845,从设计院离职做自媒体还有机会吗？创业不易，差点倒闭,来真的,590784254,25,4,0,13,227,14,3,5497
1677209474.1279309,224474918,金融圈十大美德（九）,金融布哥,643491424,569,106,0,1710,10796,248,4122,463936
1677209477.309936,224162030,这道题目你怎么答？领导让你组织“良好家风家庭”评选活动，你怎么组织？你的重点是什么？公务员面试示范答题，一起学起来,导氮公考,262503639,0,0,0,0,3,0,0,64
1677209657.6331422,822044888,体制内什么人提拔得比较快？,公考章晓铭,488609381,2,2,0,28,199,51,15,6583
1677209682.127378,267048165,【2.16直播回放】美国白尾鹿感染问题,花生十三-公考行测,526410150,130,77,0,95,324,72,83,10010
1677209844.35772,949440774,初级会计职称题库每日刷一题|对啊网名师 固定资产的入账价值,对啊网,32533840,3,3,0,2,13,1,1,398
1677209845.5261261,821940429,【对啊网】Excel小技巧——relpace函数,对啊网,32533840,2,0,0,5,8,0,0,159
1677209871.0248773,566919605,既要做坦率之人，又不要挨打,老付聊职场,520810093,104,8,0,128,489,51,22,10442
1677209885.5245957,779495357,每日即兴英文演讲Who do you admire the most? Why?,英文演讲爱好者Scott,508695150,18,1,0,3,53,22,2,504
1677209901.9016845,906889302,35岁建议时刻保持学习的心态,许林芳管理思维,1226380111,2,1,0,25,37,0,11,1306
1677210111.800815,436986754,近期写公文材料适用金句，50句，word文件,职场学习小超人,650750845,0,0,0,38,17,1,2,855
1677210218.3443348,779420192,2.16、培养人锻炼精神上的苦,恒洋底层思维,1453074675,3,0,0,34,55,2,2,736
1677210223.584268,481974756,攻坚克难类公文材料，适用过渡句金句50条，word文件,职场学习小超人,650750845,4,0,0,46,28,1,12,1019
1677210264.2298386,224394000,如何在逆境中破局？,公考干货君,473654149,2,0,0,19,53,2,2,1533
1677210287.6023211,651918371,副部级领导谈6方面提升办事能力,小弘哥和暮色里,522846737,533,8,0,2134,1395,19,362,17426
1677210329.3102746,436889200,ps 粒子消散效果底层逻辑,教ps的假叔叔,1290054818,15,18,0,14,71,16,0,555
1677210331.4837563,566917175,认识函数-Excel函数入门到实战制作自动化报表模板之(二),Excel办公自动化,387418363,0,0,0,20,21,0,0,492
1677210332.659895,566888324,直通车广泛匹配和精准匹配哪个更好？有什么区别？,照顾酱,389838895,12,0,0,23,35,5,3,931
1677210361.3386126,394420559,遴选92.6分的答案，希望对备考公务员面试的大家有帮助,公考面试考官说,1485409299,566,6,0,1082,861,52,87,37588
1677210370.6172378,309380488,《狂飙》高启强失败的3个原因,老A讲晋升,1029508158,19,1,0,24,78,7,5,1359
1677210393.1290057,351940405,用char函数快速填充26字母,Excel办公自动化,387418363,0,0,0,14,22,0,0,294
1677210401.417739,736890904,看丁元英这个高人是如何用人性来布局#天道 #,公务员干货,491307403,4,0,0,38,85,3,9,1670
1677210430.954856,864389484,00后，90后，80后打工人到底有啥区别？你被说中了嘛？,职场教练Echo,1612114484,2,0,0,5,19,3,0,517
1677210443.2277877,991911057,职场上吃的开的几种人,许林芳管理思维,1226380111,24,1,0,270,386,15,40,10286
1677210796.8801384,481969012,打工容易把人变废，2个办法解决,马尔西本人,109912227,15,0,0,37,72,9,8,913
1677210804.1135366,479391755,老板让我制作工资条模板，我不会，同事用Vlookup函数3分钟就搞定,Excel从零到一,13868436,23,1,0,113,168,15,7,1955
1677210826.5586135,949496854,一招鲜吃遍天！用一套自我介绍公式，搞定所有面试官！,马力在知群,543931674,53,2,0,332,230,6,9,4263
1677210838.8847098,566931914,高情商反夸话术,善酒酒399,244308626,215,23,0,1576,1581,49,65,22796
1677210845.0995376,309403222,天坑专业难找工作？土木/建筑/水利转行实录,LinkedIn领英中国,18595728,43,160,0,158,126,18,49,5719
1677210886.771492,266909862,复杂数据快速排版,小伟教你学Excel办公Word,423987818,0,0,0,7,19,0,1,143
1677210915.2928019,479456182,GTJ2021自定义节点功能，广联达节点扣减问题终于解决了，但还是个半成品,造价猫大洋,486242758,12,1,0,38,33,15,6,1090
1677210928.6037838,481897140,大学生们，up主是你最大的出路,Larry想做技术大佬,19873195,3953,523,0,16243,27752,886,2698,322030
1677210939.9050286,736900950,excel数据求和、核对、分析...看到第四个技巧，我哭了~,秋叶Excel,480423911,34,0,0,343,282,5,31,2991
1677210950.2028346,394434375,图像处理终于有国家认可的职业技能等级证书啦！中级报考已开启！,李涛PS,85651824,7,1,0,74,108,10,9,5523
1677210968.5798564,694455420,消毒机工作原理硬核剖解，不要眨眼哦，看完这不轻松拿捏 ！,华宇万维,109630783,0,1,0,8,36,2,2,358
1677210969.744816,524378210,广东某市地震局事业编，月薪8000，年终1.5W，了解一下？,一不小心哥,574298442,72,21,0,99,384,196,82,44495
1677210985.130299,609444512,这就是人性，了解一下！,野生ceo大宝,430372013,49,25,0,264,1459,65,52,17850
1677210989.3595407,309283177,体制内自媒体选题技巧｜小白自媒体指南｜从零开始做账号,做一只精致滴猪猪女孩,388433315,4,0,0,13,15,0,0,249
1677210999.7053144,906896174,2023年淘系补单还有用吗？,老吴运营日记,470909303,4,0,0,6,25,6,3,2108
1677211019.1621947,479463990,2023陕西事业单位考试—削弱角度之因果倒置,陕西中公教育,388684610,1,0,0,1,9,0,0,28
1677211088.1908636,394489440,存在感最低的专业之一!江苏二本，海洋技术专业，毕业3年后的真实人生,那些无名之辈,295347600,41,95,0,87,1202,225,105,35536
1677211090.391619,736983456,认识公式-Excel函数入门到实战制作自动化报表模板之(一),Excel办公自动化,387418363,6,0,0,69,22,0,1,1118
1677211141.1799655,351960242,不要做“新年计划”，做“新年总结”,崔璀CC,524500054,7,1,0,23,37,2,0,445
1677211144.3718412,309470377,从0开始上岸体制内，考公/考编小白必看！,粉笔事业单位,495275088,2,0,0,6,4,1,0,224
1677211227.6020212,821940601,500强面试必看：外企的压力面试，到底有多奇葩？,纽约星姐_毛小星,27744027,79,11,0,571,1569,29,15,20824
1677211243.9598482,906982685,有这四个行为，就有当领导的潜质,闪闪发光的老高,1663915898,48,4,0,231,389,47,29,10784
1677211302.8098407,779477186,测量员软件教程之点测量界面教程,测量员之家,330432767,2,0,0,7,20,1,1,1182
1677211318.1537025,224421269,屠屠老湿S686发射！,屠屠老湿TaxiWay,504010939,536,143,0,390,10911,287,42,140518
1677211703.2104874,309426533,数据透视表太厉害了，环比/同比均能轻松拿捏！,运营菌Excel,349381768,62,2,0,737,271,3,59,4828
